-- MySQL dump 10.13  Distrib 8.0.32, for Win64 (x86_64)
--
-- Host: localhost    Database: alohcmute_android_v1
-- ------------------------------------------------------
-- Server version	8.0.34

/*!40101 SET @OLD_CHARACTER_SET_CLIENT=@@CHARACTER_SET_CLIENT */;
/*!40101 SET @OLD_CHARACTER_SET_RESULTS=@@CHARACTER_SET_RESULTS */;
/*!40101 SET @OLD_COLLATION_CONNECTION=@@COLLATION_CONNECTION */;
/*!50503 SET NAMES utf8 */;
/*!40103 SET @OLD_TIME_ZONE=@@TIME_ZONE */;
/*!40103 SET TIME_ZONE='+00:00' */;
/*!40014 SET @OLD_UNIQUE_CHECKS=@@UNIQUE_CHECKS, UNIQUE_CHECKS=0 */;
/*!40014 SET @OLD_FOREIGN_KEY_CHECKS=@@FOREIGN_KEY_CHECKS, FOREIGN_KEY_CHECKS=0 */;
/*!40101 SET @OLD_SQL_MODE=@@SQL_MODE, SQL_MODE='NO_AUTO_VALUE_ON_ZERO' */;
/*!40111 SET @OLD_SQL_NOTES=@@SQL_NOTES, SQL_NOTES=0 */;

--
-- Table structure for table `account`
--

DROP TABLE IF EXISTS `account`;
/*!40101 SET @saved_cs_client     = @@character_set_client */;
/*!50503 SET character_set_client = utf8mb4 */;
CREATE TABLE `account` (
  `account_id` int NOT NULL AUTO_INCREMENT,
  `email` varchar(100) DEFAULT NULL,
  `password` varchar(100) DEFAULT NULL,
  `role` varchar(100) DEFAULT NULL,
  `status` decimal(1,0) DEFAULT '1',
  PRIMARY KEY (`account_id`)
) ENGINE=InnoDB AUTO_INCREMENT=47 DEFAULT CHARSET=utf8mb4 COLLATE=utf8mb4_0900_ai_ci;
/*!40101 SET character_set_client = @saved_cs_client */;

--
-- Dumping data for table `account`
--

LOCK TABLES `account` WRITE;
/*!40000 ALTER TABLE `account` DISABLE KEYS */;
INSERT INTO `account` VALUES (13,'admin@gmail.com','$2a$10$s8qy7EGAcJWevaLpy4S21ufUlRISXaiSdAOeN2TA.Em4lF7GT/wcm','ADMIN',1),(14,'manager@gmail.com','$2a$10$AHiiR13CmOYJkLvzZlxkO.6bOUjncqWY03grpg9zdLNNkoz7wj4oS','MANAGER',1),(15,'testUser123@gmail.com','$2a$10$1komcBKMyKIUwY6n1EqIs./B2zrPZSPthscXXefvOn1ZIviOsYosi','USER',1),(16,'test111@mail.com','$2a$10$P0XVEJNmFcrrgzP/MaiLA.LZg64PWG8NwJOu9uOoHnJNfXQakNYoy','USER',1),(17,'test1112@mail.com','$2a$10$zP0A5QhWHLdNqXk0Fln3a.CicQbSKJxKY05srGjHxU2XxLW0N7GKG','USER',1),(20,'test1118@mail.com','$2a$10$hFvPcSKIW4HP9wZB5c7LbeocrehAKiGCoTQL5/APfenU53tY94eXu','USER',1),(21,'test11199@mail.com','$2a$10$qyVUtTWdOJkyapYZtuFRVOUezneSQYhfJphYlUQOQOivSttJjHMF6','USER',1),(22,'test111844@mail.com','$2a$10$CEQtE4AFVvkUrCwGgZpjlucaSEA2fwivHWCRiEWkwIfkhmJH5Qwbe','USER',1),(23,'test11125@mail.com','$2a$10$8uiACTvlKKu2Hg.16tlZSOG4GX.Vovq1IlVdP.Fd8JBssggXROXiG','USER',1),(24,'ffff@mail.com','$2a$10$XIROhNr7BC0lsnszjn9MFeb/EFOr0ySWoRwGX0xJkiGnkwZnxTF6O','USER',1),(25,'ffffss@mail.com','$2a$10$AZgQzsAO9VoPlV17x4v7geWuLcTXc3wVR0NILjEjXkmOHw1OMNuHC','USER',1),(26,'ffffsggs@mail.com','$2a$10$rWLgWel5ZLXoT3eBIGnhee6u0QDC/.bHadHViszQww1y6iaY4NSXy','USER',1),(27,'fffffsdfsggs@mail.com','$2a$10$MzIOVBnRRqRhsteicrP8kOYg5MM1gm6gqrUdGiQ7KdSBgsnGH4LXG','USER',1),(28,'ggvggs@mail.com','$2a$10$N7y4dgsKuKzUQ9sXMRVIxOVB7iGQyB5IW5cMMEkxRiVJipBKLO6K.','USER',1),(34,'ggvgdgs@mail.com','$2a$10$BL.F/6X3jNYTQykzUWpaB.1BAgTw9GbQQ8Hae.zM3dUDKPQfF.MCK','USER',NULL),(35,'ggvasfdgdgs@mail.com','$2a$10$w3rqClUUCe18u5mb/Qs/feC0er/fODTcf1ZKqH04j2ztQHSB8u8pS','USER',NULL),(38,'ggvasddfdgddfgs@mail.com','$2a$10$qf9a4uS6it61FTSI8FCg2.1QfIKtBf6gSi7MAu/uLzosVfomqq8C.','USER',NULL),(39,'ggvasddfdgddfgs@mail.com','$2a$10$y998EW7cBBIsJQxBAWl/nuPisNvIGCMSvqYCEQIn0lQv54GVHP64W','USER',NULL),(40,'ggvasddfdgdddddfgs@mail.com','$2a$10$T2kj6Pg5vSGhTrKPqGk2iOZaClaOzuoDz7qTsfSah72zbAcECu7RC','USER',NULL),(41,'ggvggdds@mail.com','$2a$10$tc7umxoW.ekA.CMfUcrcaOIrstFqtKTeC6tdBxD9gB7f2/BXTwMDy','USER',NULL),(46,'bidang.tuyloan@gmail.com','$2a$10$kf6vC2/apuMRrq9Z4ffmhOfTv53mjE44t2DiB37GYp9LKK8t4FyAm','USER',1);
/*!40000 ALTER TABLE `account` ENABLE KEYS */;
UNLOCK TABLES;

--
-- Table structure for table `follow`
--

DROP TABLE IF EXISTS `follow`;
/*!40101 SET @saved_cs_client     = @@character_set_client */;
/*!50503 SET character_set_client = utf8mb4 */;
CREATE TABLE `follow` (
  `source_id` int NOT NULL,
  `target_id` int NOT NULL,
  `follow_create_time` datetime NOT NULL,
  `follow_status` tinyint(1) DEFAULT '0',
  PRIMARY KEY (`source_id`,`target_id`),
  KEY `target_id` (`target_id`),
  CONSTRAINT `follow_ibfk_1` FOREIGN KEY (`source_id`) REFERENCES `user` (`user_id`) ON DELETE CASCADE,
  CONSTRAINT `follow_ibfk_2` FOREIGN KEY (`target_id`) REFERENCES `user` (`user_id`) ON DELETE CASCADE
) ENGINE=InnoDB DEFAULT CHARSET=utf8mb4 COLLATE=utf8mb4_0900_ai_ci;
/*!40101 SET character_set_client = @saved_cs_client */;

--
-- Dumping data for table `follow`
--

LOCK TABLES `follow` WRITE;
/*!40000 ALTER TABLE `follow` DISABLE KEYS */;
INSERT INTO `follow` VALUES (15,23,'2024-04-20 13:31:19',0),(15,24,'2024-04-20 13:31:23',1),(15,26,'2024-04-20 13:31:23',1),(15,41,'2024-05-16 10:49:31',1),(16,14,'2024-04-15 14:09:11',0),(16,15,'2024-04-20 22:33:17',0),(17,15,'2024-04-20 22:32:21',1),(23,15,'2024-04-18 12:24:27',0);
/*!40000 ALTER TABLE `follow` ENABLE KEYS */;
UNLOCK TABLES;

--
-- Table structure for table `group`
--

DROP TABLE IF EXISTS `group`;
/*!40101 SET @saved_cs_client     = @@character_set_client */;
/*!50503 SET character_set_client = utf8mb4 */;
CREATE TABLE `group` (
  `group_id` int NOT NULL AUTO_INCREMENT,
  `group_name` varchar(100) CHARACTER SET utf8mb3 COLLATE utf8mb3_general_ci NOT NULL,
  `create_time` datetime NOT NULL,
  `create_id` int DEFAULT NULL,
  PRIMARY KEY (`group_id`),
  KEY `group_ibfk_1` (`create_id`),
  CONSTRAINT `group_ibfk_1` FOREIGN KEY (`create_id`) REFERENCES `user` (`user_id`) ON DELETE RESTRICT
) ENGINE=InnoDB AUTO_INCREMENT=25 DEFAULT CHARSET=utf8mb4 COLLATE=utf8mb4_0900_ai_ci;
/*!40101 SET character_set_client = @saved_cs_client */;

--
-- Dumping data for table `group`
--

LOCK TABLES `group` WRITE;
/*!40000 ALTER TABLE `group` DISABLE KEYS */;
INSERT INTO `group` VALUES (1,'Group thiên văn học','2024-03-07 00:08:48',15),(4,'Group thiên văn học','2024-03-07 00:17:28',14),(5,'Group thiên văn học','2024-03-07 14:25:05',15),(6,'Test Group','2024-03-07 14:25:24',15),(7,'Test group and add admin','2024-03-07 15:36:50',15),(8,'Test group and add admin','2024-03-07 15:36:54',15),(9,'Test group and add admin','2024-03-07 15:40:50',15),(10,'Test group and add admin','2024-03-07 15:41:59',15),(11,'Test group and add admin','2024-03-07 15:43:29',15),(12,'Test group and add admin','2024-03-07 15:44:47',15),(13,'Test flush','2024-03-07 15:53:39',15),(14,'Test flush','2024-03-07 16:03:38',15),(16,'Test flush','2024-03-07 16:08:54',15),(17,'new_group_name','2024-03-07 16:09:36',15),(18,'Test flush','2024-03-07 16:09:42',15),(19,'Test add new group','2024-03-22 09:19:32',15),(20,'Test add new group','2024-03-22 09:21:39',15),(21,'Test add new group','2024-03-22 09:32:06',15),(22,'Test add new group','2024-03-22 09:34:08',15),(24,'Test add new group','2024-03-23 07:18:25',15);
/*!40000 ALTER TABLE `group` ENABLE KEYS */;
UNLOCK TABLES;

--
-- Table structure for table `groupmember`
--

DROP TABLE IF EXISTS `groupmember`;
/*!40101 SET @saved_cs_client     = @@character_set_client */;
/*!50503 SET character_set_client = utf8mb4 */;
CREATE TABLE `groupmember` (
  `group_id` int NOT NULL,
  `user_id` int NOT NULL,
  `permission` int DEFAULT NULL,
  PRIMARY KEY (`group_id`,`user_id`),
  KEY `groupmember_ibfk_2` (`user_id`),
  CONSTRAINT `groupmember_ibfk_1` FOREIGN KEY (`group_id`) REFERENCES `group` (`group_id`),
  CONSTRAINT `groupmember_ibfk_2` FOREIGN KEY (`user_id`) REFERENCES `user` (`user_id`)
) ENGINE=InnoDB DEFAULT CHARSET=utf8mb4 COLLATE=utf8mb4_0900_ai_ci;
/*!40101 SET character_set_client = @saved_cs_client */;

--
-- Dumping data for table `groupmember`
--

LOCK TABLES `groupmember` WRITE;
/*!40000 ALTER TABLE `groupmember` DISABLE KEYS */;
INSERT INTO `groupmember` VALUES (17,13,0),(17,14,0),(17,15,1),(17,16,0),(19,15,1),(20,15,1),(21,15,1),(22,15,1),(24,15,1);
/*!40000 ALTER TABLE `groupmember` ENABLE KEYS */;
UNLOCK TABLES;

--
-- Table structure for table `likepost`
--

DROP TABLE IF EXISTS `likepost`;
/*!40101 SET @saved_cs_client     = @@character_set_client */;
/*!50503 SET character_set_client = utf8mb4 */;
CREATE TABLE `likepost` (
  `user_id` int NOT NULL,
  `post_id` int NOT NULL,
  `like_time` timestamp NULL DEFAULT NULL,
  PRIMARY KEY (`user_id`,`post_id`),
  KEY `post_id` (`post_id`),
  CONSTRAINT `likepost_ibfk_1` FOREIGN KEY (`user_id`) REFERENCES `user` (`user_id`) ON DELETE CASCADE,
  CONSTRAINT `likepost_ibfk_2` FOREIGN KEY (`post_id`) REFERENCES `post` (`post_id`) ON DELETE CASCADE
) ENGINE=InnoDB DEFAULT CHARSET=utf8mb4 COLLATE=utf8mb4_0900_ai_ci;
/*!40101 SET character_set_client = @saved_cs_client */;

--
-- Dumping data for table `likepost`
--

LOCK TABLES `likepost` WRITE;
/*!40000 ALTER TABLE `likepost` DISABLE KEYS */;
INSERT INTO `likepost` VALUES (17,49,'2024-04-21 09:40:19');
/*!40000 ALTER TABLE `likepost` ENABLE KEYS */;
UNLOCK TABLES;

--
-- Table structure for table `notification`
--

DROP TABLE IF EXISTS `notification`;
/*!40101 SET @saved_cs_client     = @@character_set_client */;
/*!50503 SET character_set_client = utf8mb4 */;
CREATE TABLE `notification` (
  `id` int NOT NULL AUTO_INCREMENT,
  `user_id` int DEFAULT NULL,
  `type` varchar(50) DEFAULT NULL,
  `create_time` timestamp NOT NULL,
  `status` tinyint(1) DEFAULT NULL,
  PRIMARY KEY (`id`),
  KEY `notification_ibfk_1` (`user_id`),
  CONSTRAINT `notification_ibfk_1` FOREIGN KEY (`user_id`) REFERENCES `user` (`user_id`) ON DELETE CASCADE
) ENGINE=InnoDB AUTO_INCREMENT=41 DEFAULT CHARSET=utf8mb4 COLLATE=utf8mb4_0900_ai_ci;
/*!40101 SET character_set_client = @saved_cs_client */;

--
-- Dumping data for table `notification`
--

LOCK TABLES `notification` WRITE;
/*!40000 ALTER TABLE `notification` DISABLE KEYS */;
/*!40000 ALTER TABLE `notification` ENABLE KEYS */;
UNLOCK TABLES;

--
-- Table structure for table `notification_like_post`
--

DROP TABLE IF EXISTS `notification_like_post`;
/*!40101 SET @saved_cs_client     = @@character_set_client */;
/*!50503 SET character_set_client = utf8mb4 */;
CREATE TABLE `notification_like_post` (
  `id` int NOT NULL AUTO_INCREMENT,
  `notification_id` int DEFAULT NULL,
  `post_id` int DEFAULT NULL,
  `source_id` int DEFAULT NULL,
  PRIMARY KEY (`id`),
  KEY `notification_like_post_ibfk_2` (`post_id`),
  KEY `notification_like_post_ibfk_1` (`notification_id`),
  KEY `notification_like_post_ibfk_3` (`source_id`),
  CONSTRAINT `notification_like_post_ibfk_1` FOREIGN KEY (`notification_id`) REFERENCES `notification` (`id`) ON DELETE CASCADE,
  CONSTRAINT `notification_like_post_ibfk_2` FOREIGN KEY (`post_id`) REFERENCES `post` (`post_id`) ON DELETE CASCADE,
  CONSTRAINT `notification_like_post_ibfk_3` FOREIGN KEY (`source_id`) REFERENCES `user` (`user_id`) ON DELETE CASCADE
) ENGINE=InnoDB AUTO_INCREMENT=41 DEFAULT CHARSET=utf8mb4 COLLATE=utf8mb4_0900_ai_ci;
/*!40101 SET character_set_client = @saved_cs_client */;

--
-- Dumping data for table `notification_like_post`
--

LOCK TABLES `notification_like_post` WRITE;
/*!40000 ALTER TABLE `notification_like_post` DISABLE KEYS */;
/*!40000 ALTER TABLE `notification_like_post` ENABLE KEYS */;
UNLOCK TABLES;

--
-- Table structure for table `post`
--

DROP TABLE IF EXISTS `post`;
/*!40101 SET @saved_cs_client     = @@character_set_client */;
/*!50503 SET character_set_client = utf8mb4 */;
CREATE TABLE `post` (
  `post_id` int NOT NULL AUTO_INCREMENT,
  `group_id` int DEFAULT NULL,
  `user_id` int DEFAULT NULL,
  `post_text` varchar(5000) CHARACTER SET utf8mb3 COLLATE utf8mb3_general_ci NOT NULL,
  `post_create_time` timestamp NOT NULL,
  `post_image` varchar(1000) CHARACTER SET utf8mb3 COLLATE utf8mb3_general_ci DEFAULT NULL,
  `status` decimal(1,0) DEFAULT '1',
  PRIMARY KEY (`post_id`),
  KEY `user_id` (`user_id`),
  KEY `group_id` (`group_id`),
  CONSTRAINT `post_ibfk_1` FOREIGN KEY (`user_id`) REFERENCES `user` (`user_id`) ON DELETE CASCADE,
  CONSTRAINT `post_ibfk_2` FOREIGN KEY (`group_id`) REFERENCES `group` (`group_id`) ON DELETE CASCADE
) ENGINE=InnoDB AUTO_INCREMENT=60 DEFAULT CHARSET=utf8mb4 COLLATE=utf8mb4_0900_ai_ci;
/*!40101 SET character_set_client = @saved_cs_client */;

--
-- Dumping data for table `post`
--

LOCK TABLES `post` WRITE;
/*!40000 ALTER TABLE `post` DISABLE KEYS */;
INSERT INTO `post` VALUES (2,NULL,15,'Nội  bài viết','2024-02-22 15:30:00',NULL,1),(3,NULL,16,'Nội  bài viết','2024-02-22 15:30:00',NULL,1),(5,NULL,15,'Bài viết mới','2024-03-20 07:49:10',NULL,1),(6,NULL,15,'Bài viết mới','2024-03-20 07:53:28',NULL,1),(7,NULL,15,'Bài viết mới','2024-03-20 07:57:16',NULL,1),(8,NULL,15,'Bài viết mới','2024-03-20 08:18:43',NULL,1),(9,NULL,15,'Bài viết mới','2024-03-20 08:26:15',NULL,1),(10,NULL,15,'Bài viết mới','2024-03-20 08:31:31',NULL,1),(11,NULL,15,'Bài viết mới','2024-03-20 08:33:42',NULL,1),(12,NULL,15,'Bài viết mới','2024-03-20 08:36:37',NULL,1),(13,NULL,15,'Bài viết mới','2024-03-20 08:38:59',NULL,1),(14,NULL,15,'Bài viết mới','2024-03-20 08:40:26',NULL,1),(15,NULL,15,'ádfasdf','2024-03-20 08:40:42','https://firebasestorage.googleapis.com/v0/b/socialmedia-f7504.appspot.com/o/images%2F1710924040281?alt=media&token=ee5a809b-9e80-4d28-9a63-8339869dacb8',1),(16,NULL,15,'','2024-03-20 08:49:21','https://firebasestorage.googleapis.com/v0/b/socialmedia-f7504.appspot.com/o/images%2F1710924559781?alt=media&token=bb50b4ad-ab23-41af-9677-19a043c9ed9f',1),(17,NULL,15,'taaaaaaaaaaa','2024-03-20 08:49:40','https://firebasestorage.googleapis.com/v0/b/socialmedia-f7504.appspot.com/o/images%2F1710924578560?alt=media&token=e0a99e9b-3cd4-425b-8f5e-6ea57d9d31c9',1),(18,NULL,15,'ádfasdf','2024-03-20 08:53:47','https://firebasestorage.googleapis.com/v0/b/socialmedia-f7504.appspot.com/o/images%2F1710924825065?alt=media&token=07747588-e423-4843-888d-a7a4532e7283',1),(19,NULL,15,'asdfsadf','2024-03-20 08:54:55','https://firebasestorage.googleapis.com/v0/b/socialmedia-f7504.appspot.com/o/images%2F1710924893939?alt=media&token=bae988c8-08d0-45dd-acfd-c98ee692c90d',1),(20,NULL,15,'asdfasd','2024-03-20 08:56:00','https://firebasestorage.googleapis.com/v0/b/socialmedia-f7504.appspot.com/o/images%2F1710924958923?alt=media&token=fce0bf68-d7eb-44c9-add9-f2ac24b8bfa4',1),(21,NULL,15,'hello','2024-03-27 03:04:51','https://firebasestorage.googleapis.com/v0/b/socialmedia-f7504.appspot.com/o/images%2F1711508689626?alt=media&token=ae4d20ea-e031-404e-be30-69c9e2b64958',1),(22,NULL,15,'sfd','2024-03-27 03:05:39','https://firebasestorage.googleapis.com/v0/b/socialmedia-f7504.appspot.com/o/images%2F1711508733617?alt=media&token=2ddf5d94-f64b-416a-8446-010d8557a1d5',1),(23,NULL,15,'fds','2024-03-27 03:10:20','https://firebasestorage.googleapis.com/v0/b/socialmedia-f7504.appspot.com/o/images%2F1711509017710?alt=media&token=e6f942d6-074d-42d6-ba41-9f3a8848ed8d',1),(24,NULL,15,'fa','2024-03-27 03:16:38','https://firebasestorage.googleapis.com/v0/b/socialmedia-f7504.appspot.com/o/images%2F1711509397315?alt=media&token=7eae4bdd-6f9d-4ca1-bc0b-0cbae7896157',1),(25,NULL,15,'sdf','2024-03-27 03:17:11','https://firebasestorage.googleapis.com/v0/b/socialmedia-f7504.appspot.com/o/images%2F1711509430310?alt=media&token=b7374a11-5dfe-49be-a657-e4fba409ee46',1),(26,NULL,15,'haha','2024-03-27 03:18:09','https://firebasestorage.googleapis.com/v0/b/socialmedia-f7504.appspot.com/o/images%2F1711509486684?alt=media&token=32c9a5ac-d88f-421e-8634-126c11a0145c',1),(27,NULL,15,'hahadf','2024-03-27 03:18:38','https://firebasestorage.googleapis.com/v0/b/socialmedia-f7504.appspot.com/o/images%2F1711509512870?alt=media&token=7796d449-b9c3-4b97-b01f-c980778102f7',1),(28,NULL,15,'hahadfasdfsdf','2024-03-27 03:19:48','https://firebasestorage.googleapis.com/v0/b/socialmedia-f7504.appspot.com/o/images%2F1711509585394?alt=media&token=cf270ae4-a3ea-4713-9c4f-e098efbc7c3d',1),(29,NULL,15,'hahadfasdfsdf','2024-03-27 03:20:31','https://firebasestorage.googleapis.com/v0/b/socialmedia-f7504.appspot.com/o/images%2F1711509628705?alt=media&token=3c12f243-28d2-4d14-95f3-f9e1a8c5ffe7',1),(30,NULL,15,'Bài viết mới','2024-03-27 04:56:46','Đường dẫn hình ảnh',1),(31,NULL,15,'Bài viết mới','2024-03-27 04:58:02','Đường dẫn hình ảnh',1),(32,NULL,16,'Bài viết mới','2024-03-27 05:00:55','Đường dẫn hình ảnh',1),(33,NULL,16,'Bài viết mới','2024-03-27 09:49:40','Đường dẫn hình ảnh',1),(34,NULL,16,'Bài viết mới','2024-03-27 09:50:48','Đường dẫn hình ảnh',1),(35,NULL,16,'Bài viết mới','2024-03-27 09:51:07','Đường dẫn hình ảnh',1),(36,NULL,15,'haha','2024-03-27 16:17:03','https://firebasestorage.googleapis.com/v0/b/socialmedia-f7504.appspot.com/o/images%2F1711556221464?alt=media&token=b1c7f909-eef4-4865-a153-5f696d542d11',1),(37,NULL,15,'hellowww','2024-03-27 16:39:06','https://firebasestorage.googleapis.com/v0/b/socialmedia-f7504.appspot.com/o/images%2F1711557543390?alt=media&token=cddc51d8-25e0-4855-b874-a520105b4549',1),(38,NULL,15,'bai viet moi','2024-03-29 15:19:32','https://firebasestorage.googleapis.com/v0/b/socialmedia-f7504.appspot.com/o/images%2F1711725566699?alt=media&token=c99b0afa-1a3d-43e7-8526-1066e2dc2a18',1),(39,NULL,15,'baba','2024-03-30 00:18:11','https://firebasestorage.googleapis.com/v0/b/socialmedia-f7504.appspot.com/o/images%2F1711783085665?alt=media&token=368e2ca0-2c02-4748-ab8e-b9c774c1ee3a',1),(40,NULL,15,'babababa','2024-03-30 00:20:02','https://firebasestorage.googleapis.com/v0/b/socialmedia-f7504.appspot.com/o/images%2F1711783197310?alt=media&token=cc89033d-9b34-40ff-a79e-4660e2d93b91',1),(41,NULL,15,'bài viết mới của tuấn','2024-03-30 10:24:25','https://firebasestorage.googleapis.com/v0/b/socialmedia-f7504.appspot.com/o/images%2F1711819463326?alt=media&token=1af6c429-e916-4bd1-87e6-bd454bf592d8',1),(42,NULL,17,'ádf','2024-03-30 10:43:59','https://firebasestorage.googleapis.com/v0/b/socialmedia-f7504.appspot.com/o/images%2F1711820635814?alt=media&token=c1ac622f-6389-43a5-ad7f-f15b7fc7dc94',1),(43,NULL,15,'shittttttttt','2024-03-31 10:58:45','https://firebasestorage.googleapis.com/v0/b/socialmedia-f7504.appspot.com/o/images%2F1711907923091?alt=media&token=ab06867d-8cc0-4da2-a5e9-f29c983ca8a6',1),(44,NULL,15,'táasdfsfd','2024-04-05 07:28:31','https://firebasestorage.googleapis.com/v0/b/socialmedia-f7504.appspot.com/o/images%2F1712327309767?alt=media&token=17f8b0e7-e622-4781-bc5c-7622b759f582',1),(45,NULL,15,'bài viết hiện tại ','2024-04-14 14:35:43','https://firebasestorage.googleapis.com/v0/b/socialmedia-f7504.appspot.com/o/images%2F1713105340788?alt=media&token=b36162d1-8285-441e-b08c-eb7f84e829e9',1),(46,NULL,15,'ASDF','2024-04-14 14:37:15','https://firebasestorage.googleapis.com/v0/b/socialmedia-f7504.appspot.com/o/images%2F1713105432653?alt=media&token=ba93c47d-a20d-499a-8099-45b619e01fe3',1),(47,NULL,16,'xin chào tất cả mọi người','2024-04-15 07:09:32','https://firebasestorage.googleapis.com/v0/b/socialmedia-f7504.appspot.com/o/images%2F1713164969648?alt=media&token=2528c264-7da4-48cb-81b8-10740331f49b',1),(48,NULL,15,'hé lu','2024-04-15 16:44:46','https://firebasestorage.googleapis.com/v0/b/socialmedia-f7504.appspot.com/o/images%2F1713199484266?alt=media&token=8c62abf9-5de4-45b8-8461-e232041cf882',1),(49,NULL,17,'hé luuuu','2024-04-15 16:47:40','https://firebasestorage.googleapis.com/v0/b/socialmedia-f7504.appspot.com/o/images%2F1713199658171?alt=media&token=3b3dab73-77bf-4df3-b235-efe37853bce6',1),(50,NULL,15,'gágf','2024-04-16 18:03:40','https://firebasestorage.googleapis.com/v0/b/socialmedia-f7504.appspot.com/o/images%2F1713290618556?alt=media&token=ad4b47f2-9bd4-4fd2-99ca-43659736dc25',1),(52,NULL,15,'','2024-04-16 18:14:26','https://firebasestorage.googleapis.com/v0/b/socialmedia-f7504.appspot.com/o/images%2F1713291263010?alt=media&token=d02eb071-0d9e-4188-86eb-b89d781eea4f',1),(53,NULL,15,'hala','2024-04-18 09:20:26','https://firebasestorage.googleapis.com/v0/b/socialmedia-f7504.appspot.com/o/images%2F1713432023109?alt=media&token=4098d922-0899-4cfe-a3a1-6131b43dbe45',0),(59,NULL,15,'Bài viết mới','2024-05-16 03:47:28','Đường dẫn hình ảnh',0);
/*!40000 ALTER TABLE `post` ENABLE KEYS */;
UNLOCK TABLES;

--
-- Table structure for table `token`
--

DROP TABLE IF EXISTS `token`;
/*!40101 SET @saved_cs_client     = @@character_set_client */;
/*!50503 SET character_set_client = utf8mb4 */;
CREATE TABLE `token` (
  `token_id` int NOT NULL AUTO_INCREMENT,
  `account_id` int DEFAULT NULL,
  `token` varchar(300) DEFAULT NULL,
  `token_type` varchar(30) DEFAULT NULL,
  `expired` tinyint(1) DEFAULT NULL,
  `revoked` tinyint(1) DEFAULT NULL,
  PRIMARY KEY (`token_id`)
) ENGINE=InnoDB AUTO_INCREMENT=375 DEFAULT CHARSET=utf8mb4 COLLATE=utf8mb4_0900_ai_ci;
/*!40101 SET character_set_client = @saved_cs_client */;

--
-- Dumping data for table `token`
--

LOCK TABLES `token` WRITE;
/*!40000 ALTER TABLE `token` DISABLE KEYS */;
INSERT INTO `token` VALUES (1,17,'eyJhbGciOiJIUzI1NiJ9.eyJzdWIiOiJ0ZXN0MTExMkBtYWlsLmNvbSIsImlhdCI6MTcxMDY2NDI4NCwiZXhwIjoxNzEwNjY1NzI0fQ.QgvuavzE4A_lYSAG72xzsN8BVpJ-ieI_iXrgmd22LIU','BEARER',1,1),(2,17,'eyJhbGciOiJIUzI1NiJ9.eyJzdWIiOiJ0ZXN0MTExMkBtYWlsLmNvbSIsImlhdCI6MTcxMDY2NDI5MiwiZXhwIjoxNzEwNjY1NzMyfQ.T5Ssa_n9eC0zaI0qBnx20oqAS8RVcaPM8zVeE2Fr2z8','BEARER',1,1),(3,17,'eyJhbGciOiJIUzI1NiJ9.eyJzdWIiOiJ0ZXN0MTExMkBtYWlsLmNvbSIsImlhdCI6MTcxMDY2NDI5NywiZXhwIjoxNzEwNjY1NzM3fQ.bSwRC0EUbW2MTwNaLin4UG4Q3Y93EKOo6BZYNAufJ9I','BEARER',1,1),(4,17,'eyJhbGciOiJIUzI1NiJ9.eyJzdWIiOiJ0ZXN0MTExMkBtYWlsLmNvbSIsImlhdCI6MTcxMDY2NDI5OCwiZXhwIjoxNzEwNjY1NzM4fQ.SpjlP3vGZqouhJ5l_R81yGd5GAWCg4o8cfckGIUXILY','BEARER',1,1),(5,17,'eyJhbGciOiJIUzI1NiJ9.eyJzdWIiOiJ0ZXN0MTExMkBtYWlsLmNvbSIsImlhdCI6MTcxMDY2NDI5OCwiZXhwIjoxNzEwNjY1NzM4fQ.SpjlP3vGZqouhJ5l_R81yGd5GAWCg4o8cfckGIUXILY','BEARER',1,1),(6,15,'eyJhbGciOiJIUzI1NiJ9.eyJzdWIiOiJ0ZXN0VXNlcjEyM0BnbWFpbC5jb20iLCJpYXQiOjE3MTA2NjQzNTcsImV4cCI6MTcxMDY2NTc5N30.35g5Ij9i4nLpXEysnFWptj4iafekm6GnumKzL40kxJg','BEARER',1,1),(7,15,'eyJhbGciOiJIUzI1NiJ9.eyJzdWIiOiJ0ZXN0VXNlcjEyM0BnbWFpbC5jb20iLCJpYXQiOjE3MTA2NjQzNjUsImV4cCI6MTcxMDY2NTgwNX0.-pSd1R2s12-p3242lHNBpJQ06YEDf77zAVlnaVQ0y1c','BEARER',1,1),(8,15,'eyJhbGciOiJIUzI1NiJ9.eyJzdWIiOiJ0ZXN0VXNlcjEyM0BnbWFpbC5jb20iLCJpYXQiOjE3MTA2NjQ5NTIsImV4cCI6MTcxMDY2NjM5Mn0.wX78jOzMJJ2CLJKNMjnkttefNi0RWKF9KTPTnTX-wTQ','BEARER',1,1),(9,15,'eyJhbGciOiJIUzI1NiJ9.eyJzdWIiOiJ0ZXN0VXNlcjEyM0BnbWFpbC5jb20iLCJpYXQiOjE3MTA2NjU5MTIsImV4cCI6MTcxMDY2NzM1Mn0.UjiUaPwvJ2oGiimFbo_wBZyi-YBA3AVVSy4JcdqGRVM','BEARER',1,1),(10,15,'eyJhbGciOiJIUzI1NiJ9.eyJzdWIiOiJ0ZXN0VXNlcjEyM0BnbWFpbC5jb20iLCJpYXQiOjE3MTA2NjU5MjQsImV4cCI6MTcxMDY2NzM2NH0.Wk2twW0wphBWXi6bIRALiBND30lgRAuPzVNvh6O1kY8','BEARER',1,1),(11,15,'eyJhbGciOiJIUzI1NiJ9.eyJzdWIiOiJ0ZXN0VXNlcjEyM0BnbWFpbC5jb20iLCJpYXQiOjE3MTA3NjE1NTUsImV4cCI6MTcxMDc2Mjk5NX0.FpJn9qnSNt5XBqdmAGFvpjzs6JUfFZF_gg_H5UXlCoI','BEARER',1,1),(12,15,'eyJhbGciOiJIUzI1NiJ9.eyJzdWIiOiJ0ZXN0VXNlcjEyM0BnbWFpbC5jb20iLCJpYXQiOjE3MTA3NjE1NjMsImV4cCI6MTcxMDc2MzAwM30.CZmX2_D6OYtq--lLdvM4daynCbtFsXZdpEVvgDGZ6NQ','BEARER',1,1),(13,15,'eyJhbGciOiJIUzI1NiJ9.eyJzdWIiOiJ0ZXN0VXNlcjEyM0BnbWFpbC5jb20iLCJpYXQiOjE3MTA3NjE1NjUsImV4cCI6MTcxMDc2MzAwNX0.nN6_IMYQcJPCVYEmsFKqPBfeuWadSuiMjVCvTTTlaZI','BEARER',1,1),(14,15,'eyJhbGciOiJIUzI1NiJ9.eyJzdWIiOiJ0ZXN0VXNlcjEyM0BnbWFpbC5jb20iLCJpYXQiOjE3MTA3NjE1NzIsImV4cCI6MTcxMDc2MzAxMn0.nobCq34K0U8ls6ch2GXecKDFeDZr4o0oDaRE-ik-aYc','BEARER',1,1),(15,15,'eyJhbGciOiJIUzI1NiJ9.eyJzdWIiOiJ0ZXN0VXNlcjEyM0BnbWFpbC5jb20iLCJpYXQiOjE3MTA3NjM0NTAsImV4cCI6MTcxMDc2NDg5MH0.TUJbENYG4kGarYtbB21K0ErpwBG8GJnXznVfYgqiaJY','BEARER',1,1),(16,15,'eyJhbGciOiJIUzI1NiJ9.eyJzdWIiOiJ0ZXN0VXNlcjEyM0BnbWFpbC5jb20iLCJpYXQiOjE3MTA3NjQ5NzUsImV4cCI6MTcxMDc2NjQxNX0.JMDlA4URZ5QFlcGOaG188MyO-FjvFRLuGxZw5rsWBSQ','BEARER',1,1),(17,15,'eyJhbGciOiJIUzI1NiJ9.eyJzdWIiOiJ0ZXN0VXNlcjEyM0BnbWFpbC5jb20iLCJpYXQiOjE3MTA3NjUxNjIsImV4cCI6MTcxMDc2NjYwMn0.pnbTgJ8-rj36N4_dinEW-jhLsJSP5wMaCPQWRY0nrJI','BEARER',1,1),(18,15,'eyJhbGciOiJIUzI1NiJ9.eyJzdWIiOiJ0ZXN0VXNlcjEyM0BnbWFpbC5jb20iLCJpYXQiOjE3MTA3NjUyNDgsImV4cCI6MTcxMDc2NjY4OH0.InWqWnOPi9_WPf0PmcMrNHsQZawwXQAUxyVhYWM6Z0c','BEARER',1,1),(19,15,'eyJhbGciOiJIUzI1NiJ9.eyJzdWIiOiJ0ZXN0VXNlcjEyM0BnbWFpbC5jb20iLCJpYXQiOjE3MTA3NjYwNjYsImV4cCI6MTcxMDc2NzUwNn0.gBykBeR75HUT59-2X9axr4pTZpX4Xbl9mwX81M_IlS0','BEARER',1,1),(20,15,'eyJhbGciOiJIUzI1NiJ9.eyJzdWIiOiJ0ZXN0VXNlcjEyM0BnbWFpbC5jb20iLCJpYXQiOjE3MTA3NjYxNTgsImV4cCI6MTcxMDc2NzU5OH0.L5AsqSL1-gFbNag1loD3tBNn-ZFJ8cT_KfOfC4ijRlQ','BEARER',1,1),(21,15,'eyJhbGciOiJIUzI1NiJ9.eyJzdWIiOiJ0ZXN0VXNlcjEyM0BnbWFpbC5jb20iLCJpYXQiOjE3MTA3NjcwNDYsImV4cCI6MTcxMDc2ODQ4Nn0.U2CBMIxESOOqXRNCxKrE01cZDVLVdKgE4q3riKqj6lc','BEARER',1,1),(22,15,'eyJhbGciOiJIUzI1NiJ9.eyJzdWIiOiJ0ZXN0VXNlcjEyM0BnbWFpbC5jb20iLCJpYXQiOjE3MTA3NjcxNDQsImV4cCI6MTcxMDc2ODU4NH0.unDNoi1n2W6HuuMgVs-j6gwksx6iEPiH1DXlqV-HjKw','BEARER',1,1),(23,15,'eyJhbGciOiJIUzI1NiJ9.eyJzdWIiOiJ0ZXN0VXNlcjEyM0BnbWFpbC5jb20iLCJpYXQiOjE3MTA3ODAwMjMsImV4cCI6MTcxMDc4MTQ2M30.iDJWmxxD0O9cNdKDOm8Xilt-GuilS6o4qgj2W8qpvYQ','BEARER',1,1),(24,15,'eyJhbGciOiJIUzI1NiJ9.eyJzdWIiOiJ0ZXN0VXNlcjEyM0BnbWFpbC5jb20iLCJpYXQiOjE3MTA3ODAxNTMsImV4cCI6MTcxMDc4MTU5M30.4Rn9FyuWkrvgv32YwDy3i_OwLv6_q-nNc3OvaJ-20VA','BEARER',1,1),(25,15,'eyJhbGciOiJIUzI1NiJ9.eyJzdWIiOiJ0ZXN0VXNlcjEyM0BnbWFpbC5jb20iLCJpYXQiOjE3MTA3ODA1MjYsImV4cCI6MTcxMDc4MTk2Nn0.ubsS3veN5SMiR4kblHyZSRsJKmcDfBCLqQTI0MOMnyc','BEARER',1,1),(26,15,'eyJhbGciOiJIUzI1NiJ9.eyJzdWIiOiJ0ZXN0VXNlcjEyM0BnbWFpbC5jb20iLCJpYXQiOjE3MTA3ODA2MzIsImV4cCI6MTcxMDc4MjA3Mn0.3otJQTyoXcRukctc-kVU84ihe0XmKgi1BNwP4D58zWI','BEARER',1,1),(27,15,'eyJhbGciOiJIUzI1NiJ9.eyJzdWIiOiJ0ZXN0VXNlcjEyM0BnbWFpbC5jb20iLCJpYXQiOjE3MTA3ODA2NDYsImV4cCI6MTcxMDc4MjA4Nn0.YQ9qhcSUtHJrCGBRKceKiIRzYYwAZ7rtHMxkw8aOEpw','BEARER',1,1),(28,15,'eyJhbGciOiJIUzI1NiJ9.eyJzdWIiOiJ0ZXN0VXNlcjEyM0BnbWFpbC5jb20iLCJpYXQiOjE3MTA3ODA3MDgsImV4cCI6MTcxMDc4MjE0OH0.ognZE53l4T0ij9uBuzWWyU3g5wtRrrLiVrjqxwaiQYY','BEARER',1,1),(29,15,'eyJhbGciOiJIUzI1NiJ9.eyJzdWIiOiJ0ZXN0VXNlcjEyM0BnbWFpbC5jb20iLCJpYXQiOjE3MTA3ODA3MTksImV4cCI6MTcxMDc4MjE1OX0.8XhuNL1geYEsUKmSIWReVg_FqUzs1g8Ktfs_yy9S4q4','BEARER',1,1),(30,15,'eyJhbGciOiJIUzI1NiJ9.eyJzdWIiOiJ0ZXN0VXNlcjEyM0BnbWFpbC5jb20iLCJpYXQiOjE3MTA3ODA4MTksImV4cCI6MTcxMDc4MjI1OX0.gQ8WzrkuBOg4WUm-bQJOoTKF2pkPR8jg4O-MbhlwEps','BEARER',1,1),(31,15,'eyJhbGciOiJIUzI1NiJ9.eyJzdWIiOiJ0ZXN0VXNlcjEyM0BnbWFpbC5jb20iLCJpYXQiOjE3MTA3ODA4ODUsImV4cCI6MTcxMDc4MjMyNX0.4enbCz7Qf6BMoW4O5LWKdWLxPSaQB8G_3xv7WRnFX74','BEARER',1,1),(32,15,'eyJhbGciOiJIUzI1NiJ9.eyJzdWIiOiJ0ZXN0VXNlcjEyM0BnbWFpbC5jb20iLCJpYXQiOjE3MTA3ODEwMDYsImV4cCI6MTcxMDc4MjQ0Nn0.e0qV2CDhTV2WxNQbIWH1i_Axwrml3qGQ_waW2AYeJjA','BEARER',1,1),(33,15,'eyJhbGciOiJIUzI1NiJ9.eyJzdWIiOiJ0ZXN0VXNlcjEyM0BnbWFpbC5jb20iLCJpYXQiOjE3MTA3ODExNjUsImV4cCI6MTcxMDc4MjYwNX0.P9Q4uPEhOG2R7OiBpaNdLdC2wA6ZPtxZVsRKAcWFnaM','BEARER',1,1),(34,15,'eyJhbGciOiJIUzI1NiJ9.eyJzdWIiOiJ0ZXN0VXNlcjEyM0BnbWFpbC5jb20iLCJpYXQiOjE3MTA3ODEyMzAsImV4cCI6MTcxMDc4MjY3MH0.LFEkL4vjSH2ccvswSHZayZx6LirzZRZ7f6g2_HBQu04','BEARER',1,1),(35,15,'eyJhbGciOiJIUzI1NiJ9.eyJzdWIiOiJ0ZXN0VXNlcjEyM0BnbWFpbC5jb20iLCJpYXQiOjE3MTA3ODEyNDAsImV4cCI6MTcxMDc4MjY4MH0.djeLzG862c2K373N5EQ-qXPnX9MkYBUIulbOdzx7-tE','BEARER',1,1),(36,15,'eyJhbGciOiJIUzI1NiJ9.eyJzdWIiOiJ0ZXN0VXNlcjEyM0BnbWFpbC5jb20iLCJpYXQiOjE3MTA4MjA0MTcsImV4cCI6MTcxMDgyMTg1N30.ZJDgCxE4bipdAQvO8nBxl-FX7tnrAU-4cphrvjAlSpc','BEARER',1,1),(37,15,'eyJhbGciOiJIUzI1NiJ9.eyJzdWIiOiJ0ZXN0VXNlcjEyM0BnbWFpbC5jb20iLCJpYXQiOjE3MTA4Mzk1NjMsImV4cCI6MTcxMDg0MTAwM30.NHQB74mt8f4UoZ-Zt0hemkkF0VH1VkItxx7wB8OsH6c','BEARER',1,1),(38,15,'eyJhbGciOiJIUzI1NiJ9.eyJzdWIiOiJ0ZXN0VXNlcjEyM0BnbWFpbC5jb20iLCJpYXQiOjE3MTA4Mzk2MDQsImV4cCI6MTcxMDg0MTA0NH0.8e2TK192GE_l5WxCzTgXE2GF9588lDTZs4S77yB5mmA','BEARER',1,1),(39,15,'eyJhbGciOiJIUzI1NiJ9.eyJzdWIiOiJ0ZXN0VXNlcjEyM0BnbWFpbC5jb20iLCJpYXQiOjE3MTA4Mzk2MjYsImV4cCI6MTcxMDg0MTA2Nn0.c_Ny1FRaQg1i4lGTf3xSoQ2axU8IvL-nQnoLenjHzlc','BEARER',1,1),(40,15,'eyJhbGciOiJIUzI1NiJ9.eyJzdWIiOiJ0ZXN0VXNlcjEyM0BnbWFpbC5jb20iLCJpYXQiOjE3MTA4NDAxNjUsImV4cCI6MTcxMDg0MTYwNX0.kVDsNXngUtTqRHy8YCGCeXjEeUmnZBt--7IPkNXsMtQ','BEARER',1,1),(41,15,'eyJhbGciOiJIUzI1NiJ9.eyJzdWIiOiJ0ZXN0VXNlcjEyM0BnbWFpbC5jb20iLCJpYXQiOjE3MTA4NDAxOTIsImV4cCI6MTcxMDg0MTYzMn0.7g74mRWoWlT5kVIX9T8RrGzk9GLjFG5RQgjQBW0Em5c','BEARER',1,1),(42,15,'eyJhbGciOiJIUzI1NiJ9.eyJzdWIiOiJ0ZXN0VXNlcjEyM0BnbWFpbC5jb20iLCJpYXQiOjE3MTA4NDAyMzUsImV4cCI6MTcxMDg0MTY3NX0.cZ0KIygGuuzUu1RYpM2wFYOViS79fr79Vf_4_ncVmzw','BEARER',1,1),(43,15,'eyJhbGciOiJIUzI1NiJ9.eyJzdWIiOiJ0ZXN0VXNlcjEyM0BnbWFpbC5jb20iLCJpYXQiOjE3MTA4NDA0MzksImV4cCI6MTcxMDg0MTg3OX0.vX9mI3m-Dcn7eRhmVzS19pn3RpYeicVJBfbXR54BJbk','BEARER',1,1),(44,15,'eyJhbGciOiJIUzI1NiJ9.eyJzdWIiOiJ0ZXN0VXNlcjEyM0BnbWFpbC5jb20iLCJpYXQiOjE3MTA4NDA0NDYsImV4cCI6MTcxMDg0MTg4Nn0.qIVjkHIVrTi7gLNUW5h0l0ICjlwHz44Qn_9K2apBRMU','BEARER',1,1),(45,15,'eyJhbGciOiJIUzI1NiJ9.eyJzdWIiOiJ0ZXN0VXNlcjEyM0BnbWFpbC5jb20iLCJpYXQiOjE3MTA4NDA1MDcsImV4cCI6MTcxMDg0MTk0N30.trINsG7e-ECcJFvKgkYPu67wrs5uG_CMZVXFI6aQ90w','BEARER',1,1),(46,15,'eyJhbGciOiJIUzI1NiJ9.eyJzdWIiOiJ0ZXN0VXNlcjEyM0BnbWFpbC5jb20iLCJpYXQiOjE3MTA4NDA5MjksImV4cCI6MTcxMDg0MjM2OX0.VA1Y3oChRT1WS69jb57FDKtqT3vejWfEx16nJEISINc','BEARER',1,1),(47,15,'eyJhbGciOiJIUzI1NiJ9.eyJzdWIiOiJ0ZXN0VXNlcjEyM0BnbWFpbC5jb20iLCJpYXQiOjE3MTA4NDExOTgsImV4cCI6MTcxMDg0MjYzOH0.DJ3hF1Ijj9m3mscbfXFC6kOoy19Nd8tNZ8FgXOYfYog','BEARER',1,1),(48,15,'eyJhbGciOiJIUzI1NiJ9.eyJzdWIiOiJ0ZXN0VXNlcjEyM0BnbWFpbC5jb20iLCJpYXQiOjE3MTA4NDEyNjcsImV4cCI6MTcxMDg0MjcwN30.uC-Nt3qseiErfb21Jl0n_izNQ3hyha8p64x_9qCcdhI','BEARER',1,1),(49,15,'eyJhbGciOiJIUzI1NiJ9.eyJzdWIiOiJ0ZXN0VXNlcjEyM0BnbWFpbC5jb20iLCJpYXQiOjE3MTA4NDE0NzQsImV4cCI6MTcxMDg0MjkxNH0.a7_jVH0ffVUPdT6Z0G7hOTC5qw5CqyY97BDlEIY46Fk','BEARER',1,1),(50,15,'eyJhbGciOiJIUzI1NiJ9.eyJzdWIiOiJ0ZXN0VXNlcjEyM0BnbWFpbC5jb20iLCJpYXQiOjE3MTA4NDE2MjMsImV4cCI6MTcxMDg0MzA2M30.9Bu-H2jI2TVX3uIXbIGaETh6l1Cm_wNVPX1vXOeGI-4','BEARER',1,1),(51,15,'eyJhbGciOiJIUzI1NiJ9.eyJzdWIiOiJ0ZXN0VXNlcjEyM0BnbWFpbC5jb20iLCJpYXQiOjE3MTA4NDE5ODksImV4cCI6MTcxMDg0MzQyOX0.5_Dn_KZmGGT5-_2z8EKJodCC_bAO6Ql2eyWMHKfqYlg','BEARER',1,1),(52,15,'eyJhbGciOiJIUzI1NiJ9.eyJzdWIiOiJ0ZXN0VXNlcjEyM0BnbWFpbC5jb20iLCJpYXQiOjE3MTA4NDIyMjUsImV4cCI6MTcxMDg0MzY2NX0.jdNKwssoMIcCnnhx8npNSBxGGmH3PtiM0y9dkTqQ3OE','BEARER',1,1),(53,15,'eyJhbGciOiJIUzI1NiJ9.eyJzdWIiOiJ0ZXN0VXNlcjEyM0BnbWFpbC5jb20iLCJpYXQiOjE3MTA4NDI2NjUsImV4cCI6MTcxMDg0NDEwNX0.9QU-zEKsOKEBrtKlxBaw7YOjgiGNuT2MJjNU28T0QQw','BEARER',1,1),(54,15,'eyJhbGciOiJIUzI1NiJ9.eyJzdWIiOiJ0ZXN0VXNlcjEyM0BnbWFpbC5jb20iLCJpYXQiOjE3MTA4NDI3NDEsImV4cCI6MTcxMDg0NDE4MX0.WNPeItOKoIp_wbhOVMgrFSxlyLd0GQzssgaQuglgOvI','BEARER',1,1),(55,15,'eyJhbGciOiJIUzI1NiJ9.eyJzdWIiOiJ0ZXN0VXNlcjEyM0BnbWFpbC5jb20iLCJpYXQiOjE3MTA4NDI3ODksImV4cCI6MTcxMDg0NDIyOX0.A88VyKNeX4xgu7aV7dEhp1uIvYgABTmERAK6JijamMo','BEARER',1,1),(56,15,'eyJhbGciOiJIUzI1NiJ9.eyJzdWIiOiJ0ZXN0VXNlcjEyM0BnbWFpbC5jb20iLCJpYXQiOjE3MTA4NDI5NjUsImV4cCI6MTcxMDg0NDQwNX0.eBt--Fw_HX2j8wYMat8WhnH2uOHqAsKJPzNVgakzRCg','BEARER',1,1),(57,15,'eyJhbGciOiJIUzI1NiJ9.eyJzdWIiOiJ0ZXN0VXNlcjEyM0BnbWFpbC5jb20iLCJpYXQiOjE3MTA4NDI5NjksImV4cCI6MTcxMDg0NDQwOX0.pjal6PzszmUF8MBJOdmfHWZGOLxIpww1bLSgtVNB4dI','BEARER',1,1),(58,15,'eyJhbGciOiJIUzI1NiJ9.eyJzdWIiOiJ0ZXN0VXNlcjEyM0BnbWFpbC5jb20iLCJpYXQiOjE3MTA4NDMwNzAsImV4cCI6MTcxMDg0NDUxMH0.oWwGi88uem4SFLbv3JiZcMN3yOCTey_Bx5J5I4HQtk4','BEARER',1,1),(59,15,'eyJhbGciOiJIUzI1NiJ9.eyJzdWIiOiJ0ZXN0VXNlcjEyM0BnbWFpbC5jb20iLCJpYXQiOjE3MTA4NDMwODAsImV4cCI6MTcxMDg0NDUyMH0.tPIztZSrAlJGXv-zRxjFuwXbPmINSXrnbTfZnH6YTJw','BEARER',1,1),(60,15,'eyJhbGciOiJIUzI1NiJ9.eyJzdWIiOiJ0ZXN0VXNlcjEyM0BnbWFpbC5jb20iLCJpYXQiOjE3MTA4NDM0NzcsImV4cCI6MTcxMDg0NDkxN30.9r0-p1Kc34L8dfuECTbqUn8BovhIcAql8thrrm6P9As','BEARER',1,1),(61,15,'eyJhbGciOiJIUzI1NiJ9.eyJzdWIiOiJ0ZXN0VXNlcjEyM0BnbWFpbC5jb20iLCJpYXQiOjE3MTA4NDM5NjQsImV4cCI6MTcxMDg0NTQwNH0.3TE5bJOasxdMxXGYfrtVdEvn3b5vJzc3OzkugQQsPj4','BEARER',1,1),(62,15,'eyJhbGciOiJIUzI1NiJ9.eyJzdWIiOiJ0ZXN0VXNlcjEyM0BnbWFpbC5jb20iLCJpYXQiOjE3MTA4NDM5OTAsImV4cCI6MTcxMDg0NTQzMH0.KpmxY_QR_CtU9c6fvGYNxiUKM5vcD4WrljaAQ9dDNXg','BEARER',1,1),(63,15,'eyJhbGciOiJIUzI1NiJ9.eyJzdWIiOiJ0ZXN0VXNlcjEyM0BnbWFpbC5jb20iLCJpYXQiOjE3MTA4NDUyMTUsImV4cCI6MTcxMDg0NjY1NX0.vlx4bL6JzxGc8tSFrUCU5nro7DD9puARmWUuBZZcbBg','BEARER',1,1),(64,15,'eyJhbGciOiJIUzI1NiJ9.eyJzdWIiOiJ0ZXN0VXNlcjEyM0BnbWFpbC5jb20iLCJpYXQiOjE3MTA4NDUzMjgsImV4cCI6MTcxMDg0Njc2OH0.uZ8A2T1K2XAN9RzRvFOlvJOA4esahsT7bkl-UuVFh28','BEARER',1,1),(65,15,'eyJhbGciOiJIUzI1NiJ9.eyJzdWIiOiJ0ZXN0VXNlcjEyM0BnbWFpbC5jb20iLCJpYXQiOjE3MTA4NDU1NjcsImV4cCI6MTcxMDg0NzAwN30.weE7H6__2EJ948asfpngPZ6p6L4Lwsz7BSqosXwuD7w','BEARER',1,1),(66,15,'eyJhbGciOiJIUzI1NiJ9.eyJzdWIiOiJ0ZXN0VXNlcjEyM0BnbWFpbC5jb20iLCJpYXQiOjE3MTA4NDU2NzQsImV4cCI6MTcxMDg0NzExNH0.9hSwk85gXV8nT_fhiMREHTOelRmUZjmbVAq5H14iVLs','BEARER',1,1),(67,15,'eyJhbGciOiJIUzI1NiJ9.eyJzdWIiOiJ0ZXN0VXNlcjEyM0BnbWFpbC5jb20iLCJpYXQiOjE3MTA4NDU3NTQsImV4cCI6MTcxMDg0NzE5NH0.gLKYl-Q7i5ZNuWqygqct_dU9OnXTZz6QmX5pktznS68','BEARER',1,1),(68,15,'eyJhbGciOiJIUzI1NiJ9.eyJzdWIiOiJ0ZXN0VXNlcjEyM0BnbWFpbC5jb20iLCJpYXQiOjE3MTA4NDU5MTgsImV4cCI6MTcxMDg0NzM1OH0.02-LL-QbWRokM8iUQQVYaotfB82DZLtDonhYZ4aMoLQ','BEARER',1,1),(69,15,'eyJhbGciOiJIUzI1NiJ9.eyJzdWIiOiJ0ZXN0VXNlcjEyM0BnbWFpbC5jb20iLCJpYXQiOjE3MTA4NDU5OTYsImV4cCI6MTcxMDg0NzQzNn0.kT8om4mAh7WX0GpO-zF5h_auC2keUoiaPSYZy5-zuxE','BEARER',1,1),(70,15,'eyJhbGciOiJIUzI1NiJ9.eyJzdWIiOiJ0ZXN0VXNlcjEyM0BnbWFpbC5jb20iLCJpYXQiOjE3MTA4NDYxMTEsImV4cCI6MTcxMDg0NzU1MX0.au8wA6fOD4dxFg43Kyt4TulAZYWejT7vqnRgPR6v1Eo','BEARER',1,1),(71,15,'eyJhbGciOiJIUzI1NiJ9.eyJzdWIiOiJ0ZXN0VXNlcjEyM0BnbWFpbC5jb20iLCJpYXQiOjE3MTA4NDY1NDMsImV4cCI6MTcxMDg0Nzk4M30.r9E1upJ-lACxCBcghGnGN039rYNQldsVEht1aCkB9N0','BEARER',1,1),(72,15,'eyJhbGciOiJIUzI1NiJ9.eyJzdWIiOiJ0ZXN0VXNlcjEyM0BnbWFpbC5jb20iLCJpYXQiOjE3MTA5MjAwNzUsImV4cCI6MTcxMDkyMTUxNX0.gE5B4g8Q9Uh3M7fmZbSqiu2PSUZGOSzpa9X5_dBAfjs','BEARER',1,1),(73,15,'eyJhbGciOiJIUzI1NiJ9.eyJzdWIiOiJ0ZXN0VXNlcjEyM0BnbWFpbC5jb20iLCJpYXQiOjE3MTA5MjI3MTEsImV4cCI6MTcxMDkyNDE1MX0.BZ1yHzZWFmeYdEuoaky0C6y64PyU_msoMLg219V0rqc','BEARER',1,1),(74,15,'eyJhbGciOiJIUzI1NiJ9.eyJzdWIiOiJ0ZXN0VXNlcjEyM0BnbWFpbC5jb20iLCJpYXQiOjE3MTA5MjQ1NDQsImV4cCI6MTcxMDkyNTk4NH0.OItRS3ShaQ4AjlYNIeA4qFn4yGUN-HDJvXCxWz8WNz8','BEARER',1,1),(75,15,'eyJhbGciOiJIUzI1NiJ9.eyJzdWIiOiJ0ZXN0VXNlcjEyM0BnbWFpbC5jb20iLCJpYXQiOjE3MTEwNzM5MTYsImV4cCI6MTcxMTA3NTM1Nn0.IvaVbxtp19l9KDmUTH6EV-XLsaKsglaOkzk1CNxg0yU','BEARER',1,1),(76,15,'eyJhbGciOiJIUzI1NiJ9.eyJzdWIiOiJ0ZXN0VXNlcjEyM0BnbWFpbC5jb20iLCJpYXQiOjE3MTEwNzYxMjUsImV4cCI6MTcxMTA3NzU2NX0.xFfHFmCnE3nUo8LyPdf3fXPmjXLLt_6J_Q47M4ydmv8','BEARER',1,1),(77,15,'eyJhbGciOiJIUzI1NiJ9.eyJzdWIiOiJ0ZXN0VXNlcjEyM0BnbWFpbC5jb20iLCJpYXQiOjE3MTEwNzc2OTQsImV4cCI6MTcxMTA3OTEzNH0.YJIaj4-I_5j4P_LqDYmwRQBeUiCPQ-rL4wtIE5SZbCE','BEARER',1,1),(78,15,'eyJhbGciOiJIUzI1NiJ9.eyJzdWIiOiJ0ZXN0VXNlcjEyM0BnbWFpbC5jb20iLCJpYXQiOjE3MTEwNzk5MDQsImV4cCI6MTcxMTA4MTM0NH0.fxqOpDlHzw77W_-xhm2c9EntVyRS9yoAu32w2IyKrGc','BEARER',1,1),(79,15,'eyJhbGciOiJIUzI1NiJ9.eyJzdWIiOiJ0ZXN0VXNlcjEyM0BnbWFpbC5jb20iLCJpYXQiOjE3MTExNTI5OTMsImV4cCI6MTcxMTE1NDQzM30.USZ-ypzTDJfh3itqpvW8_ucUCBH1M6YUz56QUabz56c','BEARER',1,1),(80,15,'eyJhbGciOiJIUzI1NiJ9.eyJzdWIiOiJ0ZXN0VXNlcjEyM0BnbWFpbC5jb20iLCJpYXQiOjE3MTEzNTg2MjIsImV4cCI6MTcxMTM2MDA2Mn0.u_pOsfejSsSwcw39NzxxUwcDB8wUahXXRFDpp9lz_C4','BEARER',1,1),(81,15,'eyJhbGciOiJIUzI1NiJ9.eyJzdWIiOiJ0ZXN0VXNlcjEyM0BnbWFpbC5jb20iLCJpYXQiOjE3MTE1MDY2ODgsImV4cCI6MTcxMTUwODEyOH0.AW3KvIwud28nC1zD0YJdZ_L8Hm-c68inko3ctxiNjGM','BEARER',1,1),(82,15,'eyJhbGciOiJIUzI1NiJ9.eyJzdWIiOiJ0ZXN0VXNlcjEyM0BnbWFpbC5jb20iLCJpYXQiOjE3MTE1MDg2MjksImV4cCI6MTcxMTUxMDA2OX0.9EQoLUfEDXmOPdqrI5zwcf5MIh3chxb3T17E0TE7sWQ','BEARER',1,1),(83,15,'eyJhbGciOiJIUzI1NiJ9.eyJzdWIiOiJ0ZXN0VXNlcjEyM0BnbWFpbC5jb20iLCJpYXQiOjE3MTE1MTMyMjMsImV4cCI6MTcxMTUxNDY2M30.AdwSDWFEy8wv040x2mCaubPhYYY_LI3il6a88l4s7Zg','BEARER',1,1),(84,15,'eyJhbGciOiJIUzI1NiJ9.eyJzdWIiOiJ0ZXN0VXNlcjEyM0BnbWFpbC5jb20iLCJpYXQiOjE3MTE1MTUyNTYsImV4cCI6MTcxMTUxNjY5Nn0.Q-g0WZNCY3AirY7BNJ_N8a4fkxeh9u0N7sd1AV2ufbI','BEARER',1,1),(85,16,'eyJhbGciOiJIUzI1NiJ9.eyJzdWIiOiJ0ZXN0MTExQG1haWwuY29tIiwiaWF0IjoxNzExNTE1Mzg4LCJleHAiOjE3MTE1MTY4Mjh9.njj8HU6-x8i26ptugSA0gxuwFj2Yls11qFuhE8daQ6w','BEARER',1,1),(86,16,'eyJhbGciOiJIUzI1NiJ9.eyJzdWIiOiJ0ZXN0MTExQG1haWwuY29tIiwiaWF0IjoxNzExNTE1NDI4LCJleHAiOjE3MTE1MTY4Njh9.w7an1yOEJgC4aoH_faGJSOOGKVb8jZlkFAhExyof4ew','BEARER',1,1),(87,16,'eyJhbGciOiJIUzI1NiJ9.eyJzdWIiOiJ0ZXN0MTExQG1haWwuY29tIiwiaWF0IjoxNzExNTE1NjQwLCJleHAiOjE3MTE1MTcwODB9.gYzaH4nrpR05z1F31d-0ayPsnENi_i4fjRhvQg8t9U0','BEARER',1,1),(88,15,'eyJhbGciOiJIUzI1NiJ9.eyJzdWIiOiJ0ZXN0VXNlcjEyM0BnbWFpbC5jb20iLCJpYXQiOjE3MTE1MTg2MDAsImV4cCI6MTcxMTUyMDA0MH0.NZUIPCRJp7FH4hCbK44fKhhBdEtHZ3ft1Q8qrTR4mTM','BEARER',1,1),(89,15,'eyJhbGciOiJIUzI1NiJ9.eyJzdWIiOiJ0ZXN0VXNlcjEyM0BnbWFpbC5jb20iLCJpYXQiOjE3MTE1MTg2MTgsImV4cCI6MTcxMTUyMDA1OH0.OWx298Jiydr6jqsBbOCkf9e7QpSCutEtITq81oGgj7E','BEARER',1,1),(90,15,'eyJhbGciOiJIUzI1NiJ9.eyJzdWIiOiJ0ZXN0VXNlcjEyM0BnbWFpbC5jb20iLCJpYXQiOjE3MTE1MTg4MDEsImV4cCI6MTcxMTUyMDI0MX0.NDOSTBFRdz-5f3Qmq2zEgpf-HG8rIoGtPq29FjmPvH4','BEARER',1,1),(91,15,'eyJhbGciOiJIUzI1NiJ9.eyJzdWIiOiJ0ZXN0VXNlcjEyM0BnbWFpbC5jb20iLCJpYXQiOjE3MTE1MTkxMzYsImV4cCI6MTcxMTUyMDU3Nn0.xBEa3e-RIsJ_pnmtkC84uRwAiSLfrzl3vGxailjAxSw','BEARER',1,1),(92,15,'eyJhbGciOiJIUzI1NiJ9.eyJzdWIiOiJ0ZXN0VXNlcjEyM0BnbWFpbC5jb20iLCJpYXQiOjE3MTE1MTkxNjQsImV4cCI6MTcxMTUyMDYwNH0.5DP6sVW4Ib-fDJ6KObmwqc1_6M6d7aKZF_fAeD29mNs','BEARER',1,1),(93,15,'eyJhbGciOiJIUzI1NiJ9.eyJzdWIiOiJ0ZXN0VXNlcjEyM0BnbWFpbC5jb20iLCJpYXQiOjE3MTE1MTkxODcsImV4cCI6MTcxMTUyMDYyN30.Moo12qS14pdnG506R-zm2znGEp4baIlItY8B1wc3jX0','BEARER',1,1),(94,15,'eyJhbGciOiJIUzI1NiJ9.eyJzdWIiOiJ0ZXN0VXNlcjEyM0BnbWFpbC5jb20iLCJpYXQiOjE3MTE1MTkzMTgsImV4cCI6MTcxMTUyMDc1OH0.ETMvaaPvqpE10y3h54c0YpOZL6aX317QmG-F7KwKQXM','BEARER',1,1),(95,15,'eyJhbGciOiJIUzI1NiJ9.eyJzdWIiOiJ0ZXN0VXNlcjEyM0BnbWFpbC5jb20iLCJpYXQiOjE3MTE1MTkzMjAsImV4cCI6MTcxMTUyMDc2MH0.1QjrZ9r_OsflOwLqSb943BflVAiRIAgETfhXfvm7fkk','BEARER',1,1),(96,15,'eyJhbGciOiJIUzI1NiJ9.eyJzdWIiOiJ0ZXN0VXNlcjEyM0BnbWFpbC5jb20iLCJpYXQiOjE3MTE1MTkzMjAsImV4cCI6MTcxMTUyMDc2MH0.1QjrZ9r_OsflOwLqSb943BflVAiRIAgETfhXfvm7fkk','BEARER',1,1),(97,15,'eyJhbGciOiJIUzI1NiJ9.eyJzdWIiOiJ0ZXN0VXNlcjEyM0BnbWFpbC5jb20iLCJpYXQiOjE3MTE1MTkzMjAsImV4cCI6MTcxMTUyMDc2MH0.1QjrZ9r_OsflOwLqSb943BflVAiRIAgETfhXfvm7fkk','BEARER',1,1),(98,15,'eyJhbGciOiJIUzI1NiJ9.eyJzdWIiOiJ0ZXN0VXNlcjEyM0BnbWFpbC5jb20iLCJpYXQiOjE3MTE1MTkzMjAsImV4cCI6MTcxMTUyMDc2MH0.1QjrZ9r_OsflOwLqSb943BflVAiRIAgETfhXfvm7fkk','BEARER',1,1),(99,15,'eyJhbGciOiJIUzI1NiJ9.eyJzdWIiOiJ0ZXN0VXNlcjEyM0BnbWFpbC5jb20iLCJpYXQiOjE3MTE1MTkzMjEsImV4cCI6MTcxMTUyMDc2MX0.C20pyqRO0XeZtUTreULVzcNsP9hASOul7c-JfPyMqT8','BEARER',1,1),(100,15,'eyJhbGciOiJIUzI1NiJ9.eyJzdWIiOiJ0ZXN0VXNlcjEyM0BnbWFpbC5jb20iLCJpYXQiOjE3MTE1MTkzMjEsImV4cCI6MTcxMTUyMDc2MX0.C20pyqRO0XeZtUTreULVzcNsP9hASOul7c-JfPyMqT8','BEARER',1,1),(101,15,'eyJhbGciOiJIUzI1NiJ9.eyJzdWIiOiJ0ZXN0VXNlcjEyM0BnbWFpbC5jb20iLCJpYXQiOjE3MTE1MTkzMjEsImV4cCI6MTcxMTUyMDc2MX0.C20pyqRO0XeZtUTreULVzcNsP9hASOul7c-JfPyMqT8','BEARER',1,1),(102,15,'eyJhbGciOiJIUzI1NiJ9.eyJzdWIiOiJ0ZXN0VXNlcjEyM0BnbWFpbC5jb20iLCJpYXQiOjE3MTE1MTkzMjMsImV4cCI6MTcxMTUyMDc2M30.dVog4RYsSqY2gi8KtYN6amOeGzzvdcKr11kCjXEYgNA','BEARER',1,1),(103,15,'eyJhbGciOiJIUzI1NiJ9.eyJzdWIiOiJ0ZXN0VXNlcjEyM0BnbWFpbC5jb20iLCJpYXQiOjE3MTE1MTkzMjQsImV4cCI6MTcxMTUyMDc2NH0.nymu_2Z3-r-60o25eGU_6ehu_tpESo9MO2Yx7bR5n3U','BEARER',1,1),(104,15,'eyJhbGciOiJIUzI1NiJ9.eyJzdWIiOiJ0ZXN0VXNlcjEyM0BnbWFpbC5jb20iLCJpYXQiOjE3MTE1MTkzMjQsImV4cCI6MTcxMTUyMDc2NH0.nymu_2Z3-r-60o25eGU_6ehu_tpESo9MO2Yx7bR5n3U','BEARER',1,1),(105,15,'eyJhbGciOiJIUzI1NiJ9.eyJzdWIiOiJ0ZXN0VXNlcjEyM0BnbWFpbC5jb20iLCJpYXQiOjE3MTE1MTkzMjQsImV4cCI6MTcxMTUyMDc2NH0.nymu_2Z3-r-60o25eGU_6ehu_tpESo9MO2Yx7bR5n3U','BEARER',1,1),(106,15,'eyJhbGciOiJIUzI1NiJ9.eyJzdWIiOiJ0ZXN0VXNlcjEyM0BnbWFpbC5jb20iLCJpYXQiOjE3MTE1MTkzMjQsImV4cCI6MTcxMTUyMDc2NH0.nymu_2Z3-r-60o25eGU_6ehu_tpESo9MO2Yx7bR5n3U','BEARER',1,1),(107,15,'eyJhbGciOiJIUzI1NiJ9.eyJzdWIiOiJ0ZXN0VXNlcjEyM0BnbWFpbC5jb20iLCJpYXQiOjE3MTE1MTkzMjQsImV4cCI6MTcxMTUyMDc2NH0.nymu_2Z3-r-60o25eGU_6ehu_tpESo9MO2Yx7bR5n3U','BEARER',1,1),(108,15,'eyJhbGciOiJIUzI1NiJ9.eyJzdWIiOiJ0ZXN0VXNlcjEyM0BnbWFpbC5jb20iLCJpYXQiOjE3MTE1MTkzMjcsImV4cCI6MTcxMTUyMDc2N30.DEll-2Im9jyLOhvgbA0FIbSH76z-M5Q7qgTf-5i-E4Q','BEARER',1,1),(109,15,'eyJhbGciOiJIUzI1NiJ9.eyJzdWIiOiJ0ZXN0VXNlcjEyM0BnbWFpbC5jb20iLCJpYXQiOjE3MTE1MTkzMjcsImV4cCI6MTcxMTUyMDc2N30.DEll-2Im9jyLOhvgbA0FIbSH76z-M5Q7qgTf-5i-E4Q','BEARER',1,1),(110,15,'eyJhbGciOiJIUzI1NiJ9.eyJzdWIiOiJ0ZXN0VXNlcjEyM0BnbWFpbC5jb20iLCJpYXQiOjE3MTE1MTkzMjcsImV4cCI6MTcxMTUyMDc2N30.DEll-2Im9jyLOhvgbA0FIbSH76z-M5Q7qgTf-5i-E4Q','BEARER',1,1),(111,15,'eyJhbGciOiJIUzI1NiJ9.eyJzdWIiOiJ0ZXN0VXNlcjEyM0BnbWFpbC5jb20iLCJpYXQiOjE3MTE1MTkzMjcsImV4cCI6MTcxMTUyMDc2N30.DEll-2Im9jyLOhvgbA0FIbSH76z-M5Q7qgTf-5i-E4Q','BEARER',1,1),(112,15,'eyJhbGciOiJIUzI1NiJ9.eyJzdWIiOiJ0ZXN0VXNlcjEyM0BnbWFpbC5jb20iLCJpYXQiOjE3MTE1MTkzMjgsImV4cCI6MTcxMTUyMDc2OH0.2GDoRCXwznDGsXygqR70pOYfliEZaKN2IJZ1GSpJTz0','BEARER',1,1),(113,15,'eyJhbGciOiJIUzI1NiJ9.eyJzdWIiOiJ0ZXN0VXNlcjEyM0BnbWFpbC5jb20iLCJpYXQiOjE3MTE1MTkzMjgsImV4cCI6MTcxMTUyMDc2OH0.2GDoRCXwznDGsXygqR70pOYfliEZaKN2IJZ1GSpJTz0','BEARER',1,1),(114,15,'eyJhbGciOiJIUzI1NiJ9.eyJzdWIiOiJ0ZXN0VXNlcjEyM0BnbWFpbC5jb20iLCJpYXQiOjE3MTE1MTkzMjgsImV4cCI6MTcxMTUyMDc2OH0.2GDoRCXwznDGsXygqR70pOYfliEZaKN2IJZ1GSpJTz0','BEARER',1,1),(115,15,'eyJhbGciOiJIUzI1NiJ9.eyJzdWIiOiJ0ZXN0VXNlcjEyM0BnbWFpbC5jb20iLCJpYXQiOjE3MTE1MTkzMjgsImV4cCI6MTcxMTUyMDc2OH0.2GDoRCXwznDGsXygqR70pOYfliEZaKN2IJZ1GSpJTz0','BEARER',1,1),(116,15,'eyJhbGciOiJIUzI1NiJ9.eyJzdWIiOiJ0ZXN0VXNlcjEyM0BnbWFpbC5jb20iLCJpYXQiOjE3MTE1MTkzMjksImV4cCI6MTcxMTUyMDc2OX0._wpe4F-jROt6zn2tV8Ngg97S8dG5t_LOTlZCvCdaCQU','BEARER',1,1),(117,16,'eyJhbGciOiJIUzI1NiJ9.eyJzdWIiOiJ0ZXN0MTExQG1haWwuY29tIiwiaWF0IjoxNzExNTMyOTY1LCJleHAiOjE3MTE1MzQ0MDV9.iTj072D76hzAdl0BBHSSBrL0qDtZ1EAs6vzEuDsGsY8','BEARER',1,1),(118,16,'eyJhbGciOiJIUzI1NiJ9.eyJzdWIiOiJ0ZXN0MTExQG1haWwuY29tIiwiaWF0IjoxNzExNTMzMjY4LCJleHAiOjE3MTE1MzQ3MDh9.VvPPnDpxkiC_868kE5KPjPIutmIoubwobFf6dbtknJ8','BEARER',1,1),(119,16,'eyJhbGciOiJIUzI1NiJ9.eyJzdWIiOiJ0ZXN0MTExQG1haWwuY29tIiwiaWF0IjoxNzExNTM0ODI0LCJleHAiOjE3MTE1MzYyNjR9.tRi9KLPc4OA8-baPJER1Kbz_y6Ksk7MQ2S1-LruLod0','BEARER',1,1),(120,15,'eyJhbGciOiJIUzI1NiJ9.eyJzdWIiOiJ0ZXN0VXNlcjEyM0BnbWFpbC5jb20iLCJpYXQiOjE3MTE1MzUzNzAsImV4cCI6MTcxMTUzNjgxMH0.mITL9fTdcTOiLI6YErhxmWBnWk-jTW_rHpku2LPIkKQ','BEARER',1,1),(121,15,'eyJhbGciOiJIUzI1NiJ9.eyJzdWIiOiJ0ZXN0VXNlcjEyM0BnbWFpbC5jb20iLCJpYXQiOjE3MTE1NDU0MTksImV4cCI6MTcxMTU0Njg1OX0.hnWSGcNnH8IpAF9W-1KJ7kSYyinpMP5Qu6GZuIcVKhQ','BEARER',1,1),(122,15,'eyJhbGciOiJIUzI1NiJ9.eyJzdWIiOiJ0ZXN0VXNlcjEyM0BnbWFpbC5jb20iLCJpYXQiOjE3MTE1NDY5MjQsImV4cCI6MTcxMTU0ODM2NH0.U1GZgOSs50dMdbjvxhBbbyvAcV-i27gnZ6UwtvKupVU','BEARER',1,1),(123,15,'eyJhbGciOiJIUzI1NiJ9.eyJzdWIiOiJ0ZXN0VXNlcjEyM0BnbWFpbC5jb20iLCJpYXQiOjE3MTE1NDkxNDUsImV4cCI6MTcxMTU1MDU4NX0.EpfGvaq4VvqEssYQG74lMqzIYjQzpKL2_WFPW-gk7m4','BEARER',1,1),(124,15,'eyJhbGciOiJIUzI1NiJ9.eyJzdWIiOiJ0ZXN0VXNlcjEyM0BnbWFpbC5jb20iLCJpYXQiOjE3MTE1NTc0ODcsImV4cCI6MTcxMTU1ODkyN30.wVGNzSGEzox0mFPlHY71rWYqKAMnPCTg1VymDhHdwZo','BEARER',1,1),(125,15,'eyJhbGciOiJIUzI1NiJ9.eyJzdWIiOiJ0ZXN0VXNlcjEyM0BnbWFpbC5jb20iLCJpYXQiOjE3MTE1NTc1MjYsImV4cCI6MTcxMTU1ODk2Nn0.N6o_FuGEiWrcSOwDH1QLTS480Mr_SezgUfuVZAbJmx4','BEARER',1,1),(126,15,'eyJhbGciOiJIUzI1NiJ9.eyJzdWIiOiJ0ZXN0VXNlcjEyM0BnbWFpbC5jb20iLCJpYXQiOjE3MTE1NTgwNzAsImV4cCI6MTcxMTU1OTUxMH0.ND8C0Dw6J2sg5vUEKKOY7ZVwsvKSy1Q20aIHpQwI1qQ','BEARER',1,1),(127,15,'eyJhbGciOiJIUzI1NiJ9.eyJzdWIiOiJ0ZXN0VXNlcjEyM0BnbWFpbC5jb20iLCJpYXQiOjE3MTE1NTgxNTMsImV4cCI6MTcxMTU1OTU5M30.9h8vCjqpCMfqLJ91rIJlC2MOf9AvyNHzgmiYQjNHsAE','BEARER',1,1),(128,15,'eyJhbGciOiJIUzI1NiJ9.eyJzdWIiOiJ0ZXN0VXNlcjEyM0BnbWFpbC5jb20iLCJpYXQiOjE3MTE1NTg1MzgsImV4cCI6MTcxMTU1OTk3OH0.1vd4oulrwYdN4A9Q8mrCVV6Up20yTkUsWeoXWHjdlH0','BEARER',1,1),(129,15,'eyJhbGciOiJIUzI1NiJ9.eyJzdWIiOiJ0ZXN0VXNlcjEyM0BnbWFpbC5jb20iLCJpYXQiOjE3MTE3MjUzNDUsImV4cCI6MTcxMTcyNjc4NX0.NuK9WL8ofPo_3MyblS6ZY5AgfFAQPCQFzn2CRMivqQs','BEARER',1,1),(130,15,'eyJhbGciOiJIUzI1NiJ9.eyJzdWIiOiJ0ZXN0VXNlcjEyM0BnbWFpbC5jb20iLCJpYXQiOjE3MTE3MjU3MTAsImV4cCI6MTcxMTcyNzE1MH0.EswrDeOPXo13O5wgpwo_hWnIHR_eRfsHgs7zhfv5yeI','BEARER',1,1),(131,15,'eyJhbGciOiJIUzI1NiJ9.eyJzdWIiOiJ0ZXN0VXNlcjEyM0BnbWFpbC5jb20iLCJpYXQiOjE3MTE3MjU3MjYsImV4cCI6MTcxMTcyNzE2Nn0.fhuBvLScN-Z_O017_wpjf1Dj-lHxdciikG4E2_mnqdE','BEARER',1,1),(132,15,'eyJhbGciOiJIUzI1NiJ9.eyJzdWIiOiJ0ZXN0VXNlcjEyM0BnbWFpbC5jb20iLCJpYXQiOjE3MTE3NzgxNzgsImV4cCI6MTcxMTc3OTYxOH0.4rThq-G06UVX4zEyumhGErDWC7tX-KjOPGMuXhzDsSY','BEARER',1,1),(133,15,'eyJhbGciOiJIUzI1NiJ9.eyJzdWIiOiJ0ZXN0VXNlcjEyM0BnbWFpbC5jb20iLCJpYXQiOjE3MTE3NzgyNDAsImV4cCI6MTcxMTc3OTY4MH0.GH-HEKev7iTZhvBVERtdGRnkPtMmjD0bhgR1JQxnMa0','BEARER',1,1),(134,15,'eyJhbGciOiJIUzI1NiJ9.eyJzdWIiOiJ0ZXN0VXNlcjEyM0BnbWFpbC5jb20iLCJpYXQiOjE3MTE3ODY5NDcsImV4cCI6MTcxMTc4ODM4N30.rh-3EreWUM6lus_TtZ2GZWxEi8IqbOsMwmOZrpV2bFU','BEARER',1,1),(135,15,'eyJhbGciOiJIUzI1NiJ9.eyJzdWIiOiJ0ZXN0VXNlcjEyM0BnbWFpbC5jb20iLCJpYXQiOjE3MTE3ODc3MzAsImV4cCI6MTcxMTc4OTE3MH0.g0IQKGJIfG_8-aZFU_5Y0LkcqgLzuTvze7iO7a47mHk','BEARER',1,1),(136,15,'eyJhbGciOiJIUzI1NiJ9.eyJzdWIiOiJ0ZXN0VXNlcjEyM0BnbWFpbC5jb20iLCJpYXQiOjE3MTE3ODgyOTIsImV4cCI6MTcxMTc4OTczMn0.kYjK2gkcrJh19UpW0SFpcdMpP2AkhKoztSgBeATDZhc','BEARER',1,1),(137,15,'eyJhbGciOiJIUzI1NiJ9.eyJzdWIiOiJ0ZXN0VXNlcjEyM0BnbWFpbC5jb20iLCJpYXQiOjE3MTE3ODkwOTgsImV4cCI6MTcxMTc5MDUzOH0.DOzLmC2hEfL0oXvG5F1ygoRY7Ay77Yiiac1S_h-0nQ4','BEARER',1,1),(138,15,'eyJhbGciOiJIUzI1NiJ9.eyJzdWIiOiJ0ZXN0VXNlcjEyM0BnbWFpbC5jb20iLCJpYXQiOjE3MTE3ODkxMjcsImV4cCI6MTcxMTc5MDU2N30.EQa8p6EWYzgDY_-8qtfE6yv5ePvBcOvWXKw4ClAxoDU','BEARER',1,1),(139,15,'eyJhbGciOiJIUzI1NiJ9.eyJzdWIiOiJ0ZXN0VXNlcjEyM0BnbWFpbC5jb20iLCJpYXQiOjE3MTE3ODk0MjksImV4cCI6MTcxMTc5MDg2OX0.3flitfVL78RJyORUqYvJjliP1agFZu7gYzrucKN0cHc','BEARER',1,1),(140,15,'eyJhbGciOiJIUzI1NiJ9.eyJzdWIiOiJ0ZXN0VXNlcjEyM0BnbWFpbC5jb20iLCJpYXQiOjE3MTE3OTM3MjQsImV4cCI6MTcxMTc5NTE2NH0.RO-XsUfFkPrILTfen0bDqo-mAyD2mQm352644qiEFLY','BEARER',1,1),(141,15,'eyJhbGciOiJIUzI1NiJ9.eyJzdWIiOiJ0ZXN0VXNlcjEyM0BnbWFpbC5jb20iLCJpYXQiOjE3MTE4MTIwNjksImV4cCI6MTcxMTgxMzUwOX0.1BAu-5AwuIofXORPbBaMfd652DK9fnLJxNl9tI4rmbo','BEARER',1,1),(142,15,'eyJhbGciOiJIUzI1NiJ9.eyJzdWIiOiJ0ZXN0VXNlcjEyM0BnbWFpbC5jb20iLCJpYXQiOjE3MTE4MTQxOTYsImV4cCI6MTcxMTgxNTYzNn0.AwvXnShWO1ID2BPvM8-wP1_e5KxCigt6q7BRU2eultk','BEARER',1,1),(143,15,'eyJhbGciOiJIUzI1NiJ9.eyJzdWIiOiJ0ZXN0VXNlcjEyM0BnbWFpbC5jb20iLCJpYXQiOjE3MTE4MTcyMTIsImV4cCI6MTcxMTgxODY1Mn0.2xBnLyS3jJpTehAcy0-U6xS9RGcofypXUIM_rtZQVYk','BEARER',1,1),(144,15,'eyJhbGciOiJIUzI1NiJ9.eyJzdWIiOiJ0ZXN0VXNlcjEyM0BnbWFpbC5jb20iLCJpYXQiOjE3MTE4MTg2NzQsImV4cCI6MTcxMTgyMDExNH0.Ot3MAxUsEjeU7LWm7-sP1VRm_e7HGnPIZiIRNqwJDIc','BEARER',1,1),(145,17,'eyJhbGciOiJIUzI1NiJ9.eyJzdWIiOiJ0ZXN0MTExMkBtYWlsLmNvbSIsImlhdCI6MTcxMTgyMDUxOCwiZXhwIjoxNzExODIxOTU4fQ.Bhfen58KtHr5MnMBhhoeAzmAAODyCY_HS77T-yoHhdw','BEARER',1,1),(146,17,'eyJhbGciOiJIUzI1NiJ9.eyJzdWIiOiJ0ZXN0MTExMkBtYWlsLmNvbSIsImlhdCI6MTcxMTgyMDU1OSwiZXhwIjoxNzExODIxOTk5fQ.RtEnrpfPlaU9c8lugnHgjHXtRjN_GzUD_LjRC8Et604','BEARER',1,1),(147,17,'eyJhbGciOiJIUzI1NiJ9.eyJzdWIiOiJ0ZXN0MTExMkBtYWlsLmNvbSIsImlhdCI6MTcxMTgyMDYxNywiZXhwIjoxNzExODIyMDU3fQ.Zo-wmqtZtLBQ-41mohK-9Dlm1MxTioU8ShqHzGkSi4s','BEARER',1,1),(148,17,'eyJhbGciOiJIUzI1NiJ9.eyJzdWIiOiJ0ZXN0MTExMkBtYWlsLmNvbSIsImlhdCI6MTcxMTgyMDc2NywiZXhwIjoxNzExODIyMjA3fQ.wBdYy63D2IsLdMvoCNVLhTcz1AdSnPPJqLMvsgCRlOg','BEARER',1,1),(149,15,'eyJhbGciOiJIUzI1NiJ9.eyJzdWIiOiJ0ZXN0VXNlcjEyM0BnbWFpbC5jb20iLCJpYXQiOjE3MTE4NzgzMDUsImV4cCI6MTcxMTg3OTc0NX0.aifS0Dn5zrZq2b7_rvQUf5Rpnmh1oYuZntpizfYWuQw','BEARER',1,1),(150,17,'eyJhbGciOiJIUzI1NiJ9.eyJzdWIiOiJ0ZXN0MTExMkBtYWlsLmNvbSIsImlhdCI6MTcxMTg3OTE2MiwiZXhwIjoxNzExODgwNjAyfQ.ualjBlVk8BaKsrJZkUKc_7Z5RNjhOAbtfvlsgZNvuD4','BEARER',1,1),(151,17,'eyJhbGciOiJIUzI1NiJ9.eyJzdWIiOiJ0ZXN0MTExMkBtYWlsLmNvbSIsImlhdCI6MTcxMTg3OTM2NywiZXhwIjoxNzExODgwODA3fQ.iS2xED5HZAkyJvcxBrqtgkgT-S2mxKK4gU6ysouD0gE','BEARER',1,1),(152,15,'eyJhbGciOiJIUzI1NiJ9.eyJzdWIiOiJ0ZXN0VXNlcjEyM0BnbWFpbC5jb20iLCJpYXQiOjE3MTE5MDE1NDUsImV4cCI6MTcxMTkwMjk4NX0.-qHMN0R_jZBUmkHGiAxuJJhbxzgxGok3PSIJKxA3edk','BEARER',1,1),(153,15,'eyJhbGciOiJIUzI1NiJ9.eyJzdWIiOiJ0ZXN0VXNlcjEyM0BnbWFpbC5jb20iLCJpYXQiOjE3MTE5MDM4NTQsImV4cCI6MTcxMTkwNTI5NH0.vZ1eBMBZJ4AkjNxv5Wxmky0BiLeaBRWWOSaoMqQ1Z4o','BEARER',1,1),(154,15,'eyJhbGciOiJIUzI1NiJ9.eyJzdWIiOiJ0ZXN0VXNlcjEyM0BnbWFpbC5jb20iLCJpYXQiOjE3MTE5MDczMDYsImV4cCI6MTcxMTkwODc0Nn0.3teubgimg-t5jbvMS7vdrvytfIHReY13FM9Y9qIC08k','BEARER',1,1),(155,15,'eyJhbGciOiJIUzI1NiJ9.eyJ1c2VySWQiOjE1LCJzdWIiOiJ0ZXN0VXNlcjEyM0BnbWFpbC5jb20iLCJpYXQiOjE3MTE5MTA4MTAsImV4cCI6MTcxMTkxMjI1MH0.yAlVDPYhiqvKZFzxe3yvhFM1CFEJM_oR7vUWTiaBN4g','BEARER',1,1),(156,15,'eyJhbGciOiJIUzI1NiJ9.eyJ1c2VySWQiOjE1LCJzdWIiOiJ0ZXN0VXNlcjEyM0BnbWFpbC5jb20iLCJpYXQiOjE3MTE5MTEyNzcsImV4cCI6MTcxMTkxMjcxN30.QFbbCHNnrzIIAxJcbRnwyg3Qgwcw2dWjWzr6OSrIQH4','BEARER',1,1),(157,15,'eyJhbGciOiJIUzI1NiJ9.eyJ1c2VySWQiOjE1LCJzdWIiOiJ0ZXN0VXNlcjEyM0BnbWFpbC5jb20iLCJpYXQiOjE3MTE5MTI0MjUsImV4cCI6MTcxMTkxMzg2NX0.X2K5c_VBkTdWhA5zchs7p_5dtxJ8q490G-jLf72L9to','BEARER',1,1),(158,15,'eyJhbGciOiJIUzI1NiJ9.eyJ1c2VySWQiOjE1LCJzdWIiOiJ0ZXN0VXNlcjEyM0BnbWFpbC5jb20iLCJpYXQiOjE3MTE5MTM1NDEsImV4cCI6MTcxMTkxNDk4MX0.8OJ6Fls6B9sbIcfxiIBV26xO4qbeLT-7M7c160EzAHM','BEARER',1,1),(159,15,'eyJhbGciOiJIUzI1NiJ9.eyJ1c2VySWQiOjE1LCJzdWIiOiJ0ZXN0VXNlcjEyM0BnbWFpbC5jb20iLCJpYXQiOjE3MTE5MTUzMzIsImV4cCI6MTcxMTkxNjc3Mn0.w5HMTusmG6lqsErFAaKSdhlpdAZ1otSyeq-JzhWT-fU','BEARER',1,1),(160,15,'eyJhbGciOiJIUzI1NiJ9.eyJ1c2VySWQiOjE1LCJzdWIiOiJ0ZXN0VXNlcjEyM0BnbWFpbC5jb20iLCJpYXQiOjE3MTE5NDcwNjgsImV4cCI6MTcxMTk0ODUwOH0.B6GRN2qH-9nfNN_-um1vgDzR25Fijlgt5gGzxV22XG0','BEARER',1,1),(161,15,'eyJhbGciOiJIUzI1NiJ9.eyJ1c2VySWQiOjE1LCJzdWIiOiJ0ZXN0VXNlcjEyM0BnbWFpbC5jb20iLCJpYXQiOjE3MTE5OTIwNDksImV4cCI6MTcxMTk5MzQ4OX0.YSNlVKmykQbqomCl0r1KVZkmqj25XxoyZWoX1TMGB3w','BEARER',1,1),(162,15,'eyJhbGciOiJIUzI1NiJ9.eyJ1c2VySWQiOjE1LCJzdWIiOiJ0ZXN0VXNlcjEyM0BnbWFpbC5jb20iLCJpYXQiOjE3MTE5OTM1MDAsImV4cCI6MTcxMTk5NDk0MH0.bVkZ5Ba4bhw4ZIQCokuEsAIqF8tvacXG1ugwEb588rU','BEARER',1,1),(163,15,'eyJhbGciOiJIUzI1NiJ9.eyJ1c2VySWQiOjE1LCJzdWIiOiJ0ZXN0VXNlcjEyM0BnbWFpbC5jb20iLCJpYXQiOjE3MTE5OTUyOTYsImV4cCI6MTcxMTk5NjczNn0.EiwlIoT5UMKimNjqVhjovCVTixqrCr8dDxYgzRya_QA','BEARER',1,1),(164,15,'eyJhbGciOiJIUzI1NiJ9.eyJ1c2VySWQiOjE1LCJzdWIiOiJ0ZXN0VXNlcjEyM0BnbWFpbC5jb20iLCJpYXQiOjE3MTIzMjMxNDYsImV4cCI6MTcxMjMyNDU4Nn0.i52qti4szJm6gmTybdkSvBE1sHBoMM5kED48cc7z8MA','BEARER',1,1),(165,15,'eyJhbGciOiJIUzI1NiJ9.eyJ1c2VySWQiOjE1LCJzdWIiOiJ0ZXN0VXNlcjEyM0BnbWFpbC5jb20iLCJpYXQiOjE3MTIzNzY4MTksImV4cCI6MTcxMjM3ODI1OX0.10gDQqZxsxRrBiA9w4XJwo-uR1Il5HD82LZBWtG9c9M','BEARER',1,1),(166,15,'eyJhbGciOiJIUzI1NiJ9.eyJ1c2VySWQiOjE1LCJzdWIiOiJ0ZXN0VXNlcjEyM0BnbWFpbC5jb20iLCJpYXQiOjE3MTIzNzk4MTQsImV4cCI6MTcxMjM4MTI1NH0.lbr3UlxL5x2NigUZmt-r2iK_K3Uhx9gHeJzvF1-mjR8','BEARER',1,1),(167,15,'eyJhbGciOiJIUzI1NiJ9.eyJ1c2VySWQiOjE1LCJzdWIiOiJ0ZXN0VXNlcjEyM0BnbWFpbC5jb20iLCJpYXQiOjE3MTIzODAzMDIsImV4cCI6MTcxMjM4MTc0Mn0.YLjYv3ufTV5JJt1qRBbhjSA_njT7yI3lnkoABGMU50s','BEARER',1,1),(168,15,'eyJhbGciOiJIUzI1NiJ9.eyJ1c2VySWQiOjE1LCJzdWIiOiJ0ZXN0VXNlcjEyM0BnbWFpbC5jb20iLCJpYXQiOjE3MTIzODA0NDQsImV4cCI6MTcxMjM4MTg4NH0.Xef06Rb_NWob75bj6xxCmLB2tCAV3zd9o_QIOaA-lg4','BEARER',1,1),(169,15,'eyJhbGciOiJIUzI1NiJ9.eyJ1c2VySWQiOjE1LCJzdWIiOiJ0ZXN0VXNlcjEyM0BnbWFpbC5jb20iLCJpYXQiOjE3MTIzODA3NjIsImV4cCI6MTcxMjM4MjIwMn0.gZsiHjDZu2M_tLX_O9Wm3wE8aLI7GPuc97lmflN2Kx4','BEARER',1,1),(170,15,'eyJhbGciOiJIUzI1NiJ9.eyJ1c2VySWQiOjE1LCJzdWIiOiJ0ZXN0VXNlcjEyM0BnbWFpbC5jb20iLCJpYXQiOjE3MTIzODMzOTMsImV4cCI6MTcxMjM4NDgzM30.1fzn6qQjKlqMI0R9Tsn_T498jYy7Nn4wP8j2YcSX_GA','BEARER',1,1),(171,15,'eyJhbGciOiJIUzI1NiJ9.eyJ1c2VySWQiOjE1LCJzdWIiOiJ0ZXN0VXNlcjEyM0BnbWFpbC5jb20iLCJpYXQiOjE3MTIzODY5MDYsImV4cCI6MTcxMjM4ODM0Nn0.YnEVpu6NO8MH-Y_uZY5nB-vlY95Sd7_9y1ix7wmAEa0','BEARER',1,1),(172,15,'eyJhbGciOiJIUzI1NiJ9.eyJ1c2VySWQiOjE1LCJzdWIiOiJ0ZXN0VXNlcjEyM0BnbWFpbC5jb20iLCJpYXQiOjE3MTI0MTEwODAsImV4cCI6MTcxMjQxMjUyMH0.dYyj1_4hAoKdwG4DUOdqyAtXu0Me1ohW-4HeMmmeLRo','BEARER',1,1),(173,15,'eyJhbGciOiJIUzI1NiJ9.eyJ1c2VySWQiOjE1LCJzdWIiOiJ0ZXN0VXNlcjEyM0BnbWFpbC5jb20iLCJpYXQiOjE3MTI0MTE2OTMsImV4cCI6MTcxMjQxMzEzM30.7KWq9ChtKMf3QORI8SyDtdFYB3o4TTFdaw00cgpcuZw','BEARER',1,1),(174,15,'eyJhbGciOiJIUzI1NiJ9.eyJ1c2VySWQiOjE1LCJzdWIiOiJ0ZXN0VXNlcjEyM0BnbWFpbC5jb20iLCJpYXQiOjE3MTI0MTY4NzUsImV4cCI6MTcxMjQxODMxNX0.k46JcX1q3Oqw2SIFMcsZFLNGivFgRY2MChWmuC5DzP8','BEARER',1,1),(175,15,'eyJhbGciOiJIUzI1NiJ9.eyJ1c2VySWQiOjE1LCJzdWIiOiJ0ZXN0VXNlcjEyM0BnbWFpbC5jb20iLCJpYXQiOjE3MTI0MjA4MTQsImV4cCI6MTcxMjQyMjI1NH0.u9Dl2RTdJX-POrXXRrCzMdp1FiVxRfnDIGaBsBtGeH8','BEARER',1,1),(176,15,'eyJhbGciOiJIUzI1NiJ9.eyJ1c2VySWQiOjE1LCJzdWIiOiJ0ZXN0VXNlcjEyM0BnbWFpbC5jb20iLCJpYXQiOjE3MTI0MjMxMzIsImV4cCI6MTcxMjQyNDU3Mn0.w8eePWS4p4rp4A-5CBaXoFW9jf_fVf42Yi-hkucdIpw','BEARER',1,1),(177,15,'eyJhbGciOiJIUzI1NiJ9.eyJ1c2VySWQiOjE1LCJzdWIiOiJ0ZXN0VXNlcjEyM0BnbWFpbC5jb20iLCJpYXQiOjE3MTI0NjMyODgsImV4cCI6MTcxMjQ2NDcyOH0.ok826tQx7tnZVdBEFYzOgvTDFYZK7XldP2WW4fh240o','BEARER',1,1),(178,15,'eyJhbGciOiJIUzI1NiJ9.eyJ1c2VySWQiOjE1LCJzdWIiOiJ0ZXN0VXNlcjEyM0BnbWFpbC5jb20iLCJpYXQiOjE3MTI0Njc5OTQsImV4cCI6MTcxMjQ2OTQzNH0.x411PkGnqAEj2UYT8sRKv-fbU0efnSsPm4FJFUWajvw','BEARER',1,1),(179,15,'eyJhbGciOiJIUzI1NiJ9.eyJ1c2VySWQiOjE1LCJzdWIiOiJ0ZXN0VXNlcjEyM0BnbWFpbC5jb20iLCJpYXQiOjE3MTI0Njk2NTcsImV4cCI6MTcxMjQ3MTA5N30.SkLFC9bzi89KlSDXV055R1HPYOwtuXd3Pl2bjOVml3A','BEARER',1,1),(180,15,'eyJhbGciOiJIUzI1NiJ9.eyJ1c2VySWQiOjE1LCJzdWIiOiJ0ZXN0VXNlcjEyM0BnbWFpbC5jb20iLCJpYXQiOjE3MTI0Njk4NDEsImV4cCI6MTcxMjQ3MTI4MX0.6LTusF8dVj-RzfgzWQqe7wDAhsf3TB7nbszthPFS6nQ','BEARER',1,1),(181,15,'eyJhbGciOiJIUzI1NiJ9.eyJ1c2VySWQiOjE1LCJzdWIiOiJ0ZXN0VXNlcjEyM0BnbWFpbC5jb20iLCJpYXQiOjE3MTI0NzQ4ODYsImV4cCI6MTcxMjQ3NjMyNn0.Nw8-iNC9O6gSBnu-QKUjiZvo1lNl_iGSr4l2GacI2Hk','BEARER',1,1),(182,15,'eyJhbGciOiJIUzI1NiJ9.eyJ1c2VySWQiOjE1LCJzdWIiOiJ0ZXN0VXNlcjEyM0BnbWFpbC5jb20iLCJpYXQiOjE3MTI0ODIwMTAsImV4cCI6MTcxMjQ4MzQ1MH0.8qoXMEG6TvMxJWGK1ubNShYqinYtV49GAi_R9n5ou5A','BEARER',1,1),(183,15,'eyJhbGciOiJIUzI1NiJ9.eyJ1c2VySWQiOjE1LCJzdWIiOiJ0ZXN0VXNlcjEyM0BnbWFpbC5jb20iLCJpYXQiOjE3MTI0OTc5MzgsImV4cCI6MTcxMjQ5OTM3OH0.PAo9JNODwg9J06cB8gMX_4B0jZdGsUBgcpSX4Z2wpo4','BEARER',1,1),(184,15,'eyJhbGciOiJIUzI1NiJ9.eyJ1c2VySWQiOjE1LCJzdWIiOiJ0ZXN0VXNlcjEyM0BnbWFpbC5jb20iLCJpYXQiOjE3MTI0OTgwOTMsImV4cCI6MTcxMjU4NDQ5M30.5gTIa9T72bHli-eS1uLRP03NzO3lxq6UnAL4jo5dsso','BEARER',1,1),(185,15,'eyJhbGciOiJIUzI1NiJ9.eyJ1c2VySWQiOjE1LCJzdWIiOiJ0ZXN0VXNlcjEyM0BnbWFpbC5jb20iLCJpYXQiOjE3MTI1MDEwNTIsImV4cCI6MTcxMjU4NzQ1Mn0.SGu07W49LXqfy5XNrpSLNfq4egIOZCk6MCX1LdDVHh0','BEARER',1,1),(186,15,'eyJhbGciOiJIUzI1NiJ9.eyJ1c2VySWQiOjE1LCJzdWIiOiJ0ZXN0VXNlcjEyM0BnbWFpbC5jb20iLCJpYXQiOjE3MTI1MDExODYsImV4cCI6MTcxMjU4NzU4Nn0.GAMRZohJSEGn4f_HPItR9GDG3VQPDxCy2fy3oWUgFDc','BEARER',1,1),(187,15,'eyJhbGciOiJIUzI1NiJ9.eyJ1c2VySWQiOjE1LCJzdWIiOiJ0ZXN0VXNlcjEyM0BnbWFpbC5jb20iLCJpYXQiOjE3MTI1NDgzMTgsImV4cCI6MTcxMjYzNDcxOH0.8zb_qIY3983X9WGoxdAN-pu6Ru9lcYnZYXfIdOiEZ7g','BEARER',1,1),(188,15,'eyJhbGciOiJIUzI1NiJ9.eyJ1c2VySWQiOjE1LCJzdWIiOiJ0ZXN0VXNlcjEyM0BnbWFpbC5jb20iLCJpYXQiOjE3MTI1NDgzOTIsImV4cCI6MTcxMjYzNDc5Mn0.uS1NdkDj74oUHAfqlM5yrSAfr1NulzBLfHlaZq6PEtg','BEARER',1,1),(189,15,'eyJhbGciOiJIUzI1NiJ9.eyJ1c2VySWQiOjE1LCJzdWIiOiJ0ZXN0VXNlcjEyM0BnbWFpbC5jb20iLCJpYXQiOjE3MTI1NDg5NDAsImV4cCI6MTcxMjYzNTM0MH0.-wYRsUr5_BblNt_ooVsNPG_k0HMLkn5gdMh6ywPwTP0','BEARER',1,1),(190,15,'eyJhbGciOiJIUzI1NiJ9.eyJ1c2VySWQiOjE1LCJzdWIiOiJ0ZXN0VXNlcjEyM0BnbWFpbC5jb20iLCJpYXQiOjE3MTI1NTIwMjEsImV4cCI6MTcxMjYzODQyMX0.d-f2mr_2kat7sYNwuCj0h7YT02TNIX4ijW8pF0vtGUw','BEARER',1,1),(191,15,'eyJhbGciOiJIUzI1NiJ9.eyJ1c2VySWQiOjE1LCJzdWIiOiJ0ZXN0VXNlcjEyM0BnbWFpbC5jb20iLCJpYXQiOjE3MTI1NzAxNTMsImV4cCI6MTcxMjY1NjU1M30.7bK-sZjtTcQvqPvMVZ2HIExVv-5Cl0h7tZ2ysraZ_zU','BEARER',1,1),(192,15,'eyJhbGciOiJIUzI1NiJ9.eyJ1c2VySWQiOjE1LCJzdWIiOiJ0ZXN0VXNlcjEyM0BnbWFpbC5jb20iLCJpYXQiOjE3MTI1NzA0NDAsImV4cCI6MTcxMjY1Njg0MH0.r8UMDG-baJQYx7a637xkEDPdzHhJJ_N1SvDUq0gZxMc','BEARER',1,1),(193,15,'eyJhbGciOiJIUzI1NiJ9.eyJ1c2VySWQiOjE1LCJzdWIiOiJ0ZXN0VXNlcjEyM0BnbWFpbC5jb20iLCJpYXQiOjE3MTI1ODcwMzgsImV4cCI6MTcxMjY3MzQzOH0.-4OThztfe8AR1e93k6YAEzUqZKK6tHxekPFXfUh_dW0','BEARER',1,1),(194,15,'eyJhbGciOiJIUzI1NiJ9.eyJ1c2VySWQiOjE1LCJzdWIiOiJ0ZXN0VXNlcjEyM0BnbWFpbC5jb20iLCJpYXQiOjE3MTI1ODcyNTksImV4cCI6MTcxMjY3MzY1OX0.lxublG2OQhuvoJhsQXJspXUrGtPDOl76PtulKcImToc','BEARER',1,1),(195,15,'eyJhbGciOiJIUzI1NiJ9.eyJ1c2VySWQiOjE1LCJzdWIiOiJ0ZXN0VXNlcjEyM0BnbWFpbC5jb20iLCJpYXQiOjE3MTI1OTA2OTYsImV4cCI6MTcxMjY3NzA5Nn0.fD_SF1KPu5lJILxFOckgQ57lIrgJm1zTPzGiAjRbKuo','BEARER',1,1),(196,15,'eyJhbGciOiJIUzI1NiJ9.eyJ1c2VySWQiOjE1LCJzdWIiOiJ0ZXN0VXNlcjEyM0BnbWFpbC5jb20iLCJpYXQiOjE3MTI1OTQwMjksImV4cCI6MTcxMjY4MDQyOX0.hDnrLhJxJ1K4NhK-OOFDA_q38OB8Bqh71lO2uduZKX4','BEARER',1,1),(197,15,'eyJhbGciOiJIUzI1NiJ9.eyJ1c2VySWQiOjE1LCJzdWIiOiJ0ZXN0VXNlcjEyM0BnbWFpbC5jb20iLCJpYXQiOjE3MTI2NzQ2MDYsImV4cCI6MTcxMjc2MTAwNn0.dcWvNGeU9SGPpiUs5IVrYpCsQufkDilWEJw1sxuolms','BEARER',1,1),(198,15,'eyJhbGciOiJIUzI1NiJ9.eyJ1c2VySWQiOjE1LCJzdWIiOiJ0ZXN0VXNlcjEyM0BnbWFpbC5jb20iLCJpYXQiOjE3MTI2NzQ2OTIsImV4cCI6MTcxMjc2MTA5Mn0.4t6y9svVVykdoZVkRVyDAz6jtp-zfM7Rr7mrwmemCtg','BEARER',1,1),(199,15,'eyJhbGciOiJIUzI1NiJ9.eyJ1c2VySWQiOjE1LCJzdWIiOiJ0ZXN0VXNlcjEyM0BnbWFpbC5jb20iLCJpYXQiOjE3MTI2ODE3NjQsImV4cCI6MTcxMjc2ODE2NH0.TC2qvwClll3HFhyEo4YdzO7ynVTwE3DxusMS1SGR0Vk','BEARER',1,1),(200,15,'eyJhbGciOiJIUzI1NiJ9.eyJ1c2VySWQiOjE1LCJzdWIiOiJ0ZXN0VXNlcjEyM0BnbWFpbC5jb20iLCJpYXQiOjE3MTI2ODIxNDQsImV4cCI6MTcxMjc2ODU0NH0.fUBi1vRocfNPh-CdgqPQIR_SkF3UyQEhKFHnkEBG0ss','BEARER',1,1),(201,15,'eyJhbGciOiJIUzI1NiJ9.eyJ1c2VySWQiOjE1LCJzdWIiOiJ0ZXN0VXNlcjEyM0BnbWFpbC5jb20iLCJpYXQiOjE3MTI3MTY4MjQsImV4cCI6MTcxMjgwMzIyNH0.Hzod2q4GV9KZagpWvXOnqGamkmFs5ARBPG3f0gqXDL4','BEARER',1,1),(202,15,'eyJhbGciOiJIUzI1NiJ9.eyJ1c2VySWQiOjE1LCJzdWIiOiJ0ZXN0VXNlcjEyM0BnbWFpbC5jb20iLCJpYXQiOjE3MTMwMzY2NjEsImV4cCI6MTcxMzEyMzA2MX0.EnupeHVIVrdEMyq1zbnAxT257bEGgD6LRbQKPjlmQVo','BEARER',1,1),(203,15,'eyJhbGciOiJIUzI1NiJ9.eyJ1c2VySWQiOjE1LCJzdWIiOiJ0ZXN0VXNlcjEyM0BnbWFpbC5jb20iLCJpYXQiOjE3MTMwNjU1MjksImV4cCI6MTcxMzE1MTkyOX0.th_TOGc-V001SIuGTeRh6DYjv0xW81UbPTpmt99OjE8','BEARER',1,1),(204,15,'eyJhbGciOiJIUzI1NiJ9.eyJ1c2VySWQiOjE1LCJzdWIiOiJ0ZXN0VXNlcjEyM0BnbWFpbC5jb20iLCJpYXQiOjE3MTMwNzAwMzMsImV4cCI6MTcxMzE1NjQzM30.3e_mCfUYexwGjiMLHyHRMKYGbh0kFpsyEL0BSUAeX_Y','BEARER',1,1),(205,17,'eyJhbGciOiJIUzI1NiJ9.eyJ1c2VySWQiOjE3LCJzdWIiOiJ0ZXN0MTExMkBtYWlsLmNvbSIsImlhdCI6MTcxMzA3MDkyOCwiZXhwIjoxNzEzMTU3MzI4fQ.b2rBvBPVMRv4IvmSK_MFPYksvXFIA4E7-f6z5GtUIlE','BEARER',1,1),(206,15,'eyJhbGciOiJIUzI1NiJ9.eyJ1c2VySWQiOjE1LCJzdWIiOiJ0ZXN0VXNlcjEyM0BnbWFpbC5jb20iLCJpYXQiOjE3MTMwNzEwODYsImV4cCI6MTcxMzE1NzQ4Nn0._aUrfkPAZm2Sh_pHeS04CvbXxHTFGk-BKUPY-L-CUok','BEARER',1,1),(207,15,'eyJhbGciOiJIUzI1NiJ9.eyJ1c2VySWQiOjE1LCJzdWIiOiJ0ZXN0VXNlcjEyM0BnbWFpbC5jb20iLCJpYXQiOjE3MTMwNzI2OTAsImV4cCI6MTcxMzE1OTA5MH0.3b2qwnrBFduesMy0rAD6DRaQuOukamVF5_4d3CQJiyE','BEARER',1,1),(208,17,'eyJhbGciOiJIUzI1NiJ9.eyJ1c2VySWQiOjE3LCJzdWIiOiJ0ZXN0MTExMkBtYWlsLmNvbSIsImlhdCI6MTcxMzA3Mjk4NCwiZXhwIjoxNzEzMTU5Mzg0fQ.h9TnTQ6azbFJsDkzEVmIUB-omAWf_7gEyx6fJ3zAMAI','BEARER',1,1),(209,15,'eyJhbGciOiJIUzI1NiJ9.eyJ1c2VySWQiOjE1LCJzdWIiOiJ0ZXN0VXNlcjEyM0BnbWFpbC5jb20iLCJpYXQiOjE3MTMwNzcxODEsImV4cCI6MTcxMzE2MzU4MX0.71dJtyWUPRSXcnlgRI0jL7KFs1FhukFLC9WHsgX85cI','BEARER',1,1),(210,15,'eyJhbGciOiJIUzI1NiJ9.eyJ1c2VySWQiOjE1LCJzdWIiOiJ0ZXN0VXNlcjEyM0BnbWFpbC5jb20iLCJpYXQiOjE3MTMwODI3NDAsImV4cCI6MTcxMzE2OTE0MH0.BYujo-MLDNnyZOpIDuzw6bCyOcyvF1dBDcZrocL3SQ0','BEARER',1,1),(211,15,'eyJhbGciOiJIUzI1NiJ9.eyJ1c2VySWQiOjE1LCJzdWIiOiJ0ZXN0VXNlcjEyM0BnbWFpbC5jb20iLCJpYXQiOjE3MTMwODM4MTIsImV4cCI6MTcxMzE3MDIxMn0.10PcfJoj0kron_tL8Zd5j2bhknT942eGBk1-MA8kLTE','BEARER',1,1),(212,16,'eyJhbGciOiJIUzI1NiJ9.eyJ1c2VySWQiOjE2LCJzdWIiOiJ0ZXN0MTExQG1haWwuY29tIiwiaWF0IjoxNzEzMDg4Nzk0LCJleHAiOjE3MTMxNzUxOTR9._TD6wvM9UB6SCy6Hi9UYkwEjIs3cDQTb_W1jAWIagB0','BEARER',1,1),(213,16,'eyJhbGciOiJIUzI1NiJ9.eyJ1c2VySWQiOjE2LCJzdWIiOiJ0ZXN0MTExQG1haWwuY29tIiwiaWF0IjoxNzEzMDg4OTM4LCJleHAiOjE3MTMxNzUzMzh9.gB54fMdw2U7Ddy7g5V1IrlEOj0cYLYRodXt3sSzOf08','BEARER',1,1),(214,16,'eyJhbGciOiJIUzI1NiJ9.eyJ1c2VySWQiOjE2LCJzdWIiOiJ0ZXN0MTExQG1haWwuY29tIiwiaWF0IjoxNzEzMTAyNTk2LCJleHAiOjE3MTMxODg5OTZ9.RaHMZacdyeQT1fYSjx0BwrVdxO3F0PY6r3senp_t3Oc','BEARER',1,1),(215,17,'eyJhbGciOiJIUzI1NiJ9.eyJ1c2VySWQiOjE3LCJzdWIiOiJ0ZXN0MTExMkBtYWlsLmNvbSIsImlhdCI6MTcxMzEwMjkzOCwiZXhwIjoxNzEzMTg5MzM4fQ.jxAXY0_Qj_iBLfLpFFhv5QMV_TVssAXrgm2Tt3MmG8s','BEARER',1,1),(216,15,'eyJhbGciOiJIUzI1NiJ9.eyJ1c2VySWQiOjE1LCJzdWIiOiJ0ZXN0VXNlcjEyM0BnbWFpbC5jb20iLCJpYXQiOjE3MTMxMDMwMTQsImV4cCI6MTcxMzE4OTQxNH0.44nrA856FKq0ivgeWLYYswlHtL6pZI9YmVhqjjgUvbw','BEARER',1,1),(217,15,'eyJhbGciOiJIUzI1NiJ9.eyJ1c2VySWQiOjE1LCJzdWIiOiJ0ZXN0VXNlcjEyM0BnbWFpbC5jb20iLCJpYXQiOjE3MTMxMDUzMDgsImV4cCI6MTcxMzE5MTcwOH0.d2iZTCG4NETxPHkaQYBCxqSWxGMlcirwKJvHhqFyhHw','BEARER',1,1),(218,15,'eyJhbGciOiJIUzI1NiJ9.eyJ1c2VySWQiOjE1LCJzdWIiOiJ0ZXN0VXNlcjEyM0BnbWFpbC5jb20iLCJpYXQiOjE3MTMxMDc1OTQsImV4cCI6MTcxMzE5Mzk5NH0.Pxw87JlUU_606TnbhGcDp1kIVh-Dqcm8lvgqun8Dzr4','BEARER',1,1),(219,15,'eyJhbGciOiJIUzI1NiJ9.eyJ1c2VySWQiOjE1LCJzdWIiOiJ0ZXN0VXNlcjEyM0BnbWFpbC5jb20iLCJpYXQiOjE3MTMxNTEzNTksImV4cCI6MTcxMzIzNzc1OX0.XCkjcIM509KQXjgSjP7H7rV-j2ExnnqtXzMbs9IUj20','BEARER',1,1),(220,15,'eyJhbGciOiJIUzI1NiJ9.eyJ1c2VySWQiOjE1LCJzdWIiOiJ0ZXN0VXNlcjEyM0BnbWFpbC5jb20iLCJpYXQiOjE3MTMxNTQ2MTcsImV4cCI6MTcxMzI0MTAxN30._Y2sukI5aJOumLq9dOM1FLG_FFyf_LVzqS9gfOFHtHo','BEARER',1,1),(221,15,'eyJhbGciOiJIUzI1NiJ9.eyJ1c2VySWQiOjE1LCJzdWIiOiJ0ZXN0VXNlcjEyM0BnbWFpbC5jb20iLCJpYXQiOjE3MTMxNTU4MTksImV4cCI6MTcxMzI0MjIxOX0.1eWo5u44XG-xA6hghFXblaqWIQEJJmlkm2VH33gLpnE','BEARER',1,1),(222,15,'eyJhbGciOiJIUzI1NiJ9.eyJ1c2VySWQiOjE1LCJzdWIiOiJ0ZXN0VXNlcjEyM0BnbWFpbC5jb20iLCJpYXQiOjE3MTMxNTczMDksImV4cCI6MTcxMzI0MzcwOX0.ngIK3S0KXY8PN1NiNWghcY0TVsW9zalfQ0OdGzHOtYQ','BEARER',1,1),(223,15,'eyJhbGciOiJIUzI1NiJ9.eyJ1c2VySWQiOjE1LCJzdWIiOiJ0ZXN0VXNlcjEyM0BnbWFpbC5jb20iLCJpYXQiOjE3MTMxNjQxODYsImV4cCI6MTcxMzI1MDU4Nn0.713Rj2Ci9uegYo9ngyeyNUYrjFIQE8p0MHs_aBbicGI','BEARER',1,1),(224,15,'eyJhbGciOiJIUzI1NiJ9.eyJ1c2VySWQiOjE1LCJzdWIiOiJ0ZXN0VXNlcjEyM0BnbWFpbC5jb20iLCJpYXQiOjE3MTMxNjQzMzQsImV4cCI6MTcxMzI1MDczNH0.RY6zWfivHbeRv3TktPSuLnnkKmuPzZ5hK7ZMl1rL1lg','BEARER',1,1),(225,16,'eyJhbGciOiJIUzI1NiJ9.eyJ1c2VySWQiOjE2LCJzdWIiOiJ0ZXN0MTExQG1haWwuY29tIiwiaWF0IjoxNzEzMTY0OTQzLCJleHAiOjE3MTMyNTEzNDN9._OYFf1s9R8qGD_dz-AzTsKm0DSnPVcj3hgmmDYIlVNo','BEARER',1,1),(226,15,'eyJhbGciOiJIUzI1NiJ9.eyJ1c2VySWQiOjE1LCJzdWIiOiJ0ZXN0VXNlcjEyM0BnbWFpbC5jb20iLCJpYXQiOjE3MTMxNjcyMjQsImV4cCI6MTcxMzI1MzYyNH0.x4kRVxMd_rP-cI5Piaw9hZSIK6mwHIkiiZxodHw0Ogg','BEARER',1,1),(227,15,'eyJhbGciOiJIUzI1NiJ9.eyJ1c2VySWQiOjE1LCJzdWIiOiJ0ZXN0VXNlcjEyM0BnbWFpbC5jb20iLCJpYXQiOjE3MTMxNjc5NDMsImV4cCI6MTcxMzI1NDM0M30.BTqIBtKQsC17GGoeZAYHGLkvlaRsdXKfAPQ6m-RfKaI','BEARER',1,1),(228,15,'eyJhbGciOiJIUzI1NiJ9.eyJ1c2VySWQiOjE1LCJzdWIiOiJ0ZXN0VXNlcjEyM0BnbWFpbC5jb20iLCJpYXQiOjE3MTMxNjgwMTAsImV4cCI6MTcxMzI1NDQxMH0.4xn8IYIznV3gG0gSpRhfUnHL5ZgZ9a7W2ct51uKJrbc','BEARER',1,1),(229,15,'eyJhbGciOiJIUzI1NiJ9.eyJ1c2VySWQiOjE1LCJzdWIiOiJ0ZXN0VXNlcjEyM0BnbWFpbC5jb20iLCJpYXQiOjE3MTMxOTAwMjMsImV4cCI6MTcxMzI3NjQyM30.nkSgTb76xVCfKkd-IiFx_depU5du9blImdxYzIkTLLc','BEARER',1,1),(230,15,'eyJhbGciOiJIUzI1NiJ9.eyJ1c2VySWQiOjE1LCJzdWIiOiJ0ZXN0VXNlcjEyM0BnbWFpbC5jb20iLCJpYXQiOjE3MTMxOTA3OTUsImV4cCI6MTcxMzI3NzE5NX0.Yc7mmwx8B9LzixsjFYCb4BPqe1IOArH-cA_u6pXQ5E0','BEARER',1,1),(231,15,'eyJhbGciOiJIUzI1NiJ9.eyJ1c2VySWQiOjE1LCJzdWIiOiJ0ZXN0VXNlcjEyM0BnbWFpbC5jb20iLCJpYXQiOjE3MTMxOTEwNzEsImV4cCI6MTcxMzI3NzQ3MX0.Ww_VrNW3pNvAmvVJXC7UGwQsgAgbKhYgnERagorno5g','BEARER',1,1),(232,15,'eyJhbGciOiJIUzI1NiJ9.eyJ1c2VySWQiOjE1LCJzdWIiOiJ0ZXN0VXNlcjEyM0BnbWFpbC5jb20iLCJpYXQiOjE3MTMxOTExNzMsImV4cCI6MTcxMzI3NzU3M30.YG1hUsBzv93YACSTwPa3WQyrft0EpAPe75JFXAaZ_WQ','BEARER',1,1),(233,15,'eyJhbGciOiJIUzI1NiJ9.eyJ1c2VySWQiOjE1LCJzdWIiOiJ0ZXN0VXNlcjEyM0BnbWFpbC5jb20iLCJpYXQiOjE3MTMxOTY5ODksImV4cCI6MTcxMzI4MzM4OX0.D34CYq3LU1lYPmCCIawhi_Kl6Y_ROBtQ_Oh6_G5k-0c','BEARER',1,1),(234,15,'eyJhbGciOiJIUzI1NiJ9.eyJ1c2VySWQiOjE1LCJzdWIiOiJ0ZXN0VXNlcjEyM0BnbWFpbC5jb20iLCJpYXQiOjE3MTMxOTcyMTUsImV4cCI6MTcxMzI4MzYxNX0.e974QXRd9mJVudT6Igdtp4lZLWH4HcZ1tBLY6ROIq8M','BEARER',1,1),(235,15,'eyJhbGciOiJIUzI1NiJ9.eyJ1c2VySWQiOjE1LCJzdWIiOiJ0ZXN0VXNlcjEyM0BnbWFpbC5jb20iLCJpYXQiOjE3MTMxOTcyNjAsImV4cCI6MTcxMzI4MzY2MH0.RjdfauioaxO5k3vbnzzny0JoMnKKSc5uUJNuwc9gH5g','BEARER',1,1),(236,15,'eyJhbGciOiJIUzI1NiJ9.eyJ1c2VySWQiOjE1LCJzdWIiOiJ0ZXN0VXNlcjEyM0BnbWFpbC5jb20iLCJpYXQiOjE3MTMxOTczMDAsImV4cCI6MTcxMzI4MzcwMH0.ZNq8fcHZGZoG8WAOlEFJ8TcOOueAxj3sO4eRT3w87VA','BEARER',1,1),(237,15,'eyJhbGciOiJIUzI1NiJ9.eyJ1c2VySWQiOjE1LCJzdWIiOiJ0ZXN0VXNlcjEyM0BnbWFpbC5jb20iLCJpYXQiOjE3MTMxOTg1NzgsImV4cCI6MTcxMzI4NDk3OH0.b-GANAG8-JoJNt8QcoRj9gt-arSRAupfvHfsOCFC_v4','BEARER',1,1),(238,15,'eyJhbGciOiJIUzI1NiJ9.eyJ1c2VySWQiOjE1LCJzdWIiOiJ0ZXN0VXNlcjEyM0BnbWFpbC5jb20iLCJpYXQiOjE3MTMxOTg3MjEsImV4cCI6MTcxMzI4NTEyMX0.ZNNS89zUOLepipE1t81mO6xvckcdK6O8ObliLkA0VQE','BEARER',1,1),(239,15,'eyJhbGciOiJIUzI1NiJ9.eyJ1c2VySWQiOjE1LCJzdWIiOiJ0ZXN0VXNlcjEyM0BnbWFpbC5jb20iLCJpYXQiOjE3MTMxOTk1MzQsImV4cCI6MTcxMzI4NTkzNH0.D_XYjLzeTkXXEf-4-dlgKZPmRjq06AApdX-U1F9oMNI','BEARER',1,1),(240,15,'eyJhbGciOiJIUzI1NiJ9.eyJ1c2VySWQiOjE1LCJzdWIiOiJ0ZXN0VXNlcjEyM0BnbWFpbC5jb20iLCJpYXQiOjE3MTMxOTk1NzAsImV4cCI6MTcxMzI4NTk3MH0.lhP0d1-HNLE-heYba7sBiT0RTt9IPZAyHq2LMNSRzeg','BEARER',1,1),(241,17,'eyJhbGciOiJIUzI1NiJ9.eyJ1c2VySWQiOjE3LCJzdWIiOiJ0ZXN0MTExMkBtYWlsLmNvbSIsImlhdCI6MTcxMzE5OTU4NiwiZXhwIjoxNzEzMjg1OTg2fQ.bEcLtXXFFyhg9Fpkm1tAN4Mdi05fykSpPljA96Xibug','BEARER',1,1),(242,15,'eyJhbGciOiJIUzI1NiJ9.eyJ1c2VySWQiOjE1LCJzdWIiOiJ0ZXN0VXNlcjEyM0BnbWFpbC5jb20iLCJpYXQiOjE3MTMyMDAxNjcsImV4cCI6MTcxMzI4NjU2N30.1YedKFw7aL-WaGxrJLnuGuu-C_03nBspoJ8eLGwqKtg','BEARER',1,1),(243,15,'eyJhbGciOiJIUzI1NiJ9.eyJ1c2VySWQiOjE1LCJzdWIiOiJ0ZXN0VXNlcjEyM0BnbWFpbC5jb20iLCJpYXQiOjE3MTMyMDExMTksImV4cCI6MTcxMzI4NzUxOX0.aKXT95xsX5juzijt8tqhhR8uGvNlvMCXDPwxrwoEjHY','BEARER',1,1),(244,15,'eyJhbGciOiJIUzI1NiJ9.eyJ1c2VySWQiOjE1LCJzdWIiOiJ0ZXN0VXNlcjEyM0BnbWFpbC5jb20iLCJpYXQiOjE3MTMyMDE0MTUsImV4cCI6MTcxMzI4NzgxNX0.9E_l8IUoCfIAAlW61UMq8WEowdfHpCk5dufEcP12i7U','BEARER',1,1),(245,15,'eyJhbGciOiJIUzI1NiJ9.eyJ1c2VySWQiOjE1LCJzdWIiOiJ0ZXN0VXNlcjEyM0BnbWFpbC5jb20iLCJpYXQiOjE3MTMyMDE2NzcsImV4cCI6MTcxMzI4ODA3N30.Cm2lO3EO447CLq1aoxuHlENG1Hr0ay_OEGMgPAzdoS0','BEARER',1,1),(246,15,'eyJhbGciOiJIUzI1NiJ9.eyJ1c2VySWQiOjE1LCJzdWIiOiJ0ZXN0VXNlcjEyM0BnbWFpbC5jb20iLCJpYXQiOjE3MTMyMDYxMzgsImV4cCI6MTcxMzI5MjUzOH0.Df8EdJz72tvHj5JkHqamX-yB2hdi9izK8niZgzhObBM','BEARER',1,1),(247,15,'eyJhbGciOiJIUzI1NiJ9.eyJ1c2VySWQiOjE1LCJzdWIiOiJ0ZXN0VXNlcjEyM0BnbWFpbC5jb20iLCJpYXQiOjE3MTMyMDY2MjcsImV4cCI6MTcxMzI5MzAyN30.jK2nFhOF5HTN6BOnpbKPYxbmnnVyXLWJWfmt6wZI67c','BEARER',1,1),(248,15,'eyJhbGciOiJIUzI1NiJ9.eyJ1c2VySWQiOjE1LCJzdWIiOiJ0ZXN0VXNlcjEyM0BnbWFpbC5jb20iLCJpYXQiOjE3MTMyNzg4NDAsImV4cCI6MTcxMzM2NTI0MH0.I3_65g2qWJ96hv9AGukB2Y7E239XUfeYQAggE4EvL7I','BEARER',1,1),(249,15,'eyJhbGciOiJIUzI1NiJ9.eyJ1c2VySWQiOjE1LCJzdWIiOiJ0ZXN0VXNlcjEyM0BnbWFpbC5jb20iLCJpYXQiOjE3MTMyNzk5NTgsImV4cCI6MTcxMzM2NjM1OH0.w37_BSZP8sfS6S2g5oEt_tKCtSNAHrT3vsQLoKDN9QI','BEARER',1,1),(250,15,'eyJhbGciOiJIUzI1NiJ9.eyJ1c2VySWQiOjE1LCJzdWIiOiJ0ZXN0VXNlcjEyM0BnbWFpbC5jb20iLCJpYXQiOjE3MTMyODYzNzYsImV4cCI6MTcxMzM3Mjc3Nn0.chU0LsF78n7hFFCo7Cu_1pVnY3blyTBC4Zf__qW7_FM','BEARER',1,1),(251,15,'eyJhbGciOiJIUzI1NiJ9.eyJ1c2VySWQiOjE1LCJzdWIiOiJ0ZXN0VXNlcjEyM0BnbWFpbC5jb20iLCJpYXQiOjE3MTMyODY3MDgsImV4cCI6MTcxMzM3MzEwOH0.CfUdIjn1qOpdi4YF4I8nTI445UHV233G05yHXdzpkgU','BEARER',1,1),(252,15,'eyJhbGciOiJIUzI1NiJ9.eyJ1c2VySWQiOjE1LCJzdWIiOiJ0ZXN0VXNlcjEyM0BnbWFpbC5jb20iLCJpYXQiOjE3MTMyODY4NjgsImV4cCI6MTcxMzM3MzI2OH0.QprHpjRXn0EAdFgqEr63wOXN-cTQIDMggphN4Y84D_o','BEARER',1,1),(253,15,'eyJhbGciOiJIUzI1NiJ9.eyJ1c2VySWQiOjE1LCJzdWIiOiJ0ZXN0VXNlcjEyM0BnbWFpbC5jb20iLCJpYXQiOjE3MTMyODg4MDgsImV4cCI6MTcxMzM3NTIwOH0.-uJPYrl6F4dse6uxee-04sXSa1QaLOYsHTJLy2oUCSY','BEARER',1,1),(254,15,'eyJhbGciOiJIUzI1NiJ9.eyJ1c2VySWQiOjE1LCJzdWIiOiJ0ZXN0VXNlcjEyM0BnbWFpbC5jb20iLCJpYXQiOjE3MTMyODkxMTEsImV4cCI6MTcxMzM3NTUxMX0.orlfNyOO3Y65DkvrbWPWqe26l8q2-M3swDjItu9m0Pg','BEARER',1,1),(255,15,'eyJhbGciOiJIUzI1NiJ9.eyJ1c2VySWQiOjE1LCJzdWIiOiJ0ZXN0VXNlcjEyM0BnbWFpbC5jb20iLCJpYXQiOjE3MTMyODkxNzEsImV4cCI6MTcxMzM3NTU3MX0.ntkraODWddA7EPbvpJK_AkkwrUq-WlZ-iaZegWVocx0','BEARER',1,1),(256,15,'eyJhbGciOiJIUzI1NiJ9.eyJ1c2VySWQiOjE1LCJzdWIiOiJ0ZXN0VXNlcjEyM0BnbWFpbC5jb20iLCJpYXQiOjE3MTMyODkyNjIsImV4cCI6MTcxMzM3NTY2Mn0.SjSVy3_1dCE6K1DazFg4e3eAZXZrXU3qNDQQrULyJ0w','BEARER',1,1),(257,15,'eyJhbGciOiJIUzI1NiJ9.eyJ1c2VySWQiOjE1LCJzdWIiOiJ0ZXN0VXNlcjEyM0BnbWFpbC5jb20iLCJpYXQiOjE3MTMyOTA2MDUsImV4cCI6MTcxMzM3NzAwNX0.xI51ymNY7Me6znWWeiSQEg5iOJnYtLuzRF73KHTUfBg','BEARER',1,1),(258,15,'eyJhbGciOiJIUzI1NiJ9.eyJ1c2VySWQiOjE1LCJzdWIiOiJ0ZXN0VXNlcjEyM0BnbWFpbC5jb20iLCJpYXQiOjE3MTMyOTA3MDksImV4cCI6MTcxMzM3NzEwOX0.kBlCjgojhbTrrr7G-3Sf-U4GsvqXxL2YeKUoj8lvLes','BEARER',1,1),(259,15,'eyJhbGciOiJIUzI1NiJ9.eyJ1c2VySWQiOjE1LCJzdWIiOiJ0ZXN0VXNlcjEyM0BnbWFpbC5jb20iLCJpYXQiOjE3MTMyOTA5MzIsImV4cCI6MTcxMzM3NzMzMn0.nzb9AL2qDaEK7G0u_N17hkEOapyXejbmf8wwtqY23tI','BEARER',1,1),(260,15,'eyJhbGciOiJIUzI1NiJ9.eyJ1c2VySWQiOjE1LCJzdWIiOiJ0ZXN0VXNlcjEyM0BnbWFpbC5jb20iLCJpYXQiOjE3MTMyOTEzNzcsImV4cCI6MTcxMzM3Nzc3N30.3LdpQ0VMD5HQhqnRRNWJKysHNf3I5rU8pVyAQuj04bA','BEARER',1,1),(261,15,'eyJhbGciOiJIUzI1NiJ9.eyJ1c2VySWQiOjE1LCJzdWIiOiJ0ZXN0VXNlcjEyM0BnbWFpbC5jb20iLCJpYXQiOjE3MTMyOTE2MTMsImV4cCI6MTcxMzM3ODAxM30.T74ckuCsxoHuZzM69ytIezox216Tb4oG1cwJjkbH1gI','BEARER',1,1),(262,15,'eyJhbGciOiJIUzI1NiJ9.eyJ1c2VySWQiOjE1LCJzdWIiOiJ0ZXN0VXNlcjEyM0BnbWFpbC5jb20iLCJpYXQiOjE3MTMyOTE3OTAsImV4cCI6MTcxMzM3ODE5MH0.XxlJR4Vyw1Mb86U_J44w98q5LjSplbBjpQwzt7P5XD8','BEARER',1,1),(263,15,'eyJhbGciOiJIUzI1NiJ9.eyJ1c2VySWQiOjE1LCJzdWIiOiJ0ZXN0VXNlcjEyM0BnbWFpbC5jb20iLCJpYXQiOjE3MTMyOTUyMTMsImV4cCI6MTcxMzM4MTYxM30.bgvDHx9AXT0hBRDoPzVpaDljypSH8LU_kz4x-Mz4Stk','BEARER',1,1),(264,15,'eyJhbGciOiJIUzI1NiJ9.eyJ1c2VySWQiOjE1LCJzdWIiOiJ0ZXN0VXNlcjEyM0BnbWFpbC5jb20iLCJpYXQiOjE3MTMyOTUzMTIsImV4cCI6MTcxMzM4MTcxMn0.g6DAqbNyuJdrGyxAW3HQy7CgL7KdjDkN8DS5eB4AqBU','BEARER',1,1),(265,15,'eyJhbGciOiJIUzI1NiJ9.eyJ1c2VySWQiOjE1LCJzdWIiOiJ0ZXN0VXNlcjEyM0BnbWFpbC5jb20iLCJpYXQiOjE3MTMyOTg0NTgsImV4cCI6MTcxMzM4NDg1OH0.V6LRmy5pXcmg8hbJyBbCbEAX2dpzDG7aI6N6p8h0q-0','BEARER',1,1),(266,15,'eyJhbGciOiJIUzI1NiJ9.eyJ1c2VySWQiOjE1LCJzdWIiOiJ0ZXN0VXNlcjEyM0BnbWFpbC5jb20iLCJpYXQiOjE3MTMzMjc5MjYsImV4cCI6MTcxMzQxNDMyNn0.2pRbY3NHgTUDJ6J5tCkk8DYTeHW13eIO3TPYahUqfzo','BEARER',1,1),(267,15,'eyJhbGciOiJIUzI1NiJ9.eyJ1c2VySWQiOjE1LCJzdWIiOiJ0ZXN0VXNlcjEyM0BnbWFpbC5jb20iLCJpYXQiOjE3MTMzMjgxNjAsImV4cCI6MTcxMzQxNDU2MH0.YVwkLjCANstUD2JNNmFK0xtcskBZEPkuyZirR-Tr__c','BEARER',1,1),(268,15,'eyJhbGciOiJIUzI1NiJ9.eyJ1c2VySWQiOjE1LCJzdWIiOiJ0ZXN0VXNlcjEyM0BnbWFpbC5jb20iLCJpYXQiOjE3MTMzMjgxODcsImV4cCI6MTcxMzQxNDU4N30.HkCBlHJWCxIzsQueN2PudqFUitnAniqGFA8Wbw2s-0Q','BEARER',1,1),(269,15,'eyJhbGciOiJIUzI1NiJ9.eyJ1c2VySWQiOjE1LCJzdWIiOiJ0ZXN0VXNlcjEyM0BnbWFpbC5jb20iLCJpYXQiOjE3MTMzNjE4NjksImV4cCI6MTcxMzQ0ODI2OX0.TVoCqYgRFyzLJmzfkMBL1-fj0VWNW2tJABBd_sXNErg','BEARER',1,1),(270,20,'eyJhbGciOiJIUzI1NiJ9.eyJzdWIiOiJ0ZXN0MTExOEBtYWlsLmNvbSIsImlhdCI6MTcxMzM2MzA4NSwiZXhwIjoxNzEzNDQ5NDg1fQ.rXJSyIm_77G9jTxZMWONhmqGPLG-X7uJAjS5e0Ov9M4','BEARER',0,0),(271,21,'eyJhbGciOiJIUzI1NiJ9.eyJzdWIiOiJ0ZXN0MTExOEBtYWlsLmNvbSIsImlhdCI6MTcxMzM2MzMzMiwiZXhwIjoxNzEzNDQ5NzMyfQ.Ha_7QLf15i7mpKPiF0dN6dEsaNMAhOFvabbgDxWqgFw','BEARER',0,0),(272,22,'eyJhbGciOiJIUzI1NiJ9.eyJzdWIiOiJ0ZXN0MTExOEBtYWlsLmNvbSIsImlhdCI6MTcxMzM2MzM0OCwiZXhwIjoxNzEzNDQ5NzQ4fQ.02hp4ucct9A2HUmpMEUlLpaqhp-JQxlMYjsx4IBsGcg','BEARER',0,0),(273,23,'eyJhbGciOiJIUzI1NiJ9.eyJzdWIiOiJ0ZXN0MTExMjVAbWFpbC5jb20iLCJpYXQiOjE3MTMzNjMzNzksImV4cCI6MTcxMzQ0OTc3OX0.SmyBNSEFACyIji9GnBJGwYIWvcyb5QYse8CYvdDhn70','BEARER',0,0),(274,24,'eyJhbGciOiJIUzI1NiJ9.eyJzdWIiOiJmZmZmQG1haWwuY29tIiwiaWF0IjoxNzEzMzYzNDI0LCJleHAiOjE3MTM0NDk4MjR9.gygOGV0yoY1FaLBjyD_z-7xsTNHBn8PkC9XdbyV0HPQ','BEARER',0,0),(275,25,'eyJhbGciOiJIUzI1NiJ9.eyJzdWIiOiJmZmZmc3NAbWFpbC5jb20iLCJpYXQiOjE3MTMzNjM0MjksImV4cCI6MTcxMzQ0OTgyOX0.CUfdI-fizwxLn_vI_eaiE8wk8hRJLLfVd9GMNFZHjg0','BEARER',0,0),(276,26,'eyJhbGciOiJIUzI1NiJ9.eyJzdWIiOiJmZmZmc2dnc0BtYWlsLmNvbSIsImlhdCI6MTcxMzM2MzQzMiwiZXhwIjoxNzEzNDQ5ODMyfQ.w1XvSKNF8CBE4Slxf8tm7MVI6W7m4fML9YLShRN6BHE','BEARER',0,0),(277,27,'eyJhbGciOiJIUzI1NiJ9.eyJzdWIiOiJmZmZmZnNkZnNnZ3NAbWFpbC5jb20iLCJpYXQiOjE3MTMzNjM0NDUsImV4cCI6MTcxMzQ0OTg0NX0.iPBnZCfx8tR2XSiOe2cMWV_eeU_HZhz3hZrXSBW1uKU','BEARER',0,0),(278,28,'eyJhbGciOiJIUzI1NiJ9.eyJzdWIiOiJnZ3ZnZ3NAbWFpbC5jb20iLCJpYXQiOjE3MTMzNjM0NTAsImV4cCI6MTcxMzQ0OTg1MH0.DTGLi6stIh9Omv-UZad-gPOUZ07duj1zvTOuoTFBKj8','BEARER',0,0),(279,15,'eyJhbGciOiJIUzI1NiJ9.eyJ1c2VySWQiOjE1LCJzdWIiOiJ0ZXN0VXNlcjEyM0BnbWFpbC5jb20iLCJpYXQiOjE3MTMzNjU1MjYsImV4cCI6MTcxMzQ1MTkyNn0.dcOqG33RVTYVadkcN3GVOAFvwF6HaIbsW-vvwEqpQso','BEARER',1,1),(280,15,'eyJhbGciOiJIUzI1NiJ9.eyJ1c2VySWQiOjE1LCJzdWIiOiJ0ZXN0VXNlcjEyM0BnbWFpbC5jb20iLCJpYXQiOjE3MTMzNzExODUsImV4cCI6MTcxMzQ1NzU4NX0.VO0leEMvU0fv3Fj_PqBX0Eb6XcNc-kUL_w5Pv8ECZzU','BEARER',1,1),(281,15,'eyJhbGciOiJIUzI1NiJ9.eyJ1c2VySWQiOjE1LCJzdWIiOiJ0ZXN0VXNlcjEyM0BnbWFpbC5jb20iLCJpYXQiOjE3MTMzNzUxNjAsImV4cCI6MTcxMzQ2MTU2MH0.CrwLr1ZaPLmVTxPucaCG_NHjITKa61f0HcGJ9xo9CMc','BEARER',1,1),(282,15,'eyJhbGciOiJIUzI1NiJ9.eyJ1c2VySWQiOjE1LCJzdWIiOiJ0ZXN0VXNlcjEyM0BnbWFpbC5jb20iLCJpYXQiOjE3MTM0MTYwMTUsImV4cCI6MTcxMzUwMjQxNX0.x5gGcKtynG_aPIvgQQz-oQKck_qum-XPui5PVRwE-XM','BEARER',1,1),(283,15,'eyJhbGciOiJIUzI1NiJ9.eyJ1c2VySWQiOjE1LCJzdWIiOiJ0ZXN0VXNlcjEyM0BnbWFpbC5jb20iLCJpYXQiOjE3MTM0MTYwNjksImV4cCI6MTcxMzUwMjQ2OX0.UJgAM_3SGS43852J1r5ZfOyYubVRoggzPjjjA-K-XOo','BEARER',1,1),(284,15,'eyJhbGciOiJIUzI1NiJ9.eyJ1c2VySWQiOjE1LCJzdWIiOiJ0ZXN0VXNlcjEyM0BnbWFpbC5jb20iLCJpYXQiOjE3MTM0MTg2ODksImV4cCI6MTcxMzUwNTA4OX0.Y_x9DUQG-nC_8c1YgJtSWpD6f0ulzYKIwMu9rEiA40E','BEARER',1,1),(285,15,'eyJhbGciOiJIUzI1NiJ9.eyJ1c2VySWQiOjE1LCJzdWIiOiJ0ZXN0VXNlcjEyM0BnbWFpbC5jb20iLCJpYXQiOjE3MTM0MTk0OTEsImV4cCI6MTcxMzUwNTg5MX0.Uj2Bws61nLm_GjR6wBUSdjAmjSkxRXB__XBgL-yTpWU','BEARER',1,1),(286,15,'eyJhbGciOiJIUzI1NiJ9.eyJ1c2VySWQiOjE1LCJzdWIiOiJ0ZXN0VXNlcjEyM0BnbWFpbC5jb20iLCJpYXQiOjE3MTM0MTk1OTAsImV4cCI6MTcxMzUwNTk5MH0.K_ikH9IvB4MzAJBeoH5td0VJVK7KdmEhLVNBuguh2QE','BEARER',1,1),(287,15,'eyJhbGciOiJIUzI1NiJ9.eyJ1c2VySWQiOjE1LCJzdWIiOiJ0ZXN0VXNlcjEyM0BnbWFpbC5jb20iLCJpYXQiOjE3MTM0MjAxODYsImV4cCI6MTcxMzUwNjU4Nn0.LxnXxcVcDhCXDNh4Fij1G7x3jDOcYxxemMHSzzD7SIU','BEARER',1,1),(288,15,'eyJhbGciOiJIUzI1NiJ9.eyJ1c2VySWQiOjE1LCJzdWIiOiJ0ZXN0VXNlcjEyM0BnbWFpbC5jb20iLCJpYXQiOjE3MTM0MjA5OTQsImV4cCI6MTcxMzUwNzM5NH0.L1npAuLSOSJQD0hFxs8PuQnF6MZN3YbHBlPYqV9_4Iw','BEARER',1,1),(289,15,'eyJhbGciOiJIUzI1NiJ9.eyJ1c2VySWQiOjE1LCJzdWIiOiJ0ZXN0VXNlcjEyM0BnbWFpbC5jb20iLCJpYXQiOjE3MTM0MjkzNzksImV4cCI6MTcxMzUxNTc3OX0.FWDBWE3HH0M6DKS11N3QEl7UqVG5a_n1IXk86gDhwbA','BEARER',1,1),(290,15,'eyJhbGciOiJIUzI1NiJ9.eyJ1c2VySWQiOjE1LCJzdWIiOiJ0ZXN0VXNlcjEyM0BnbWFpbC5jb20iLCJpYXQiOjE3MTM0MzA2MTcsImV4cCI6MTcxMzUxNzAxN30.QBL55Tjz7qkPtIFVv-oxvsArPGWllaVqd-AWoJzljF0','BEARER',1,1),(291,15,'eyJhbGciOiJIUzI1NiJ9.eyJ1c2VySWQiOjE1LCJzdWIiOiJ0ZXN0VXNlcjEyM0BnbWFpbC5jb20iLCJpYXQiOjE3MTM1MzM4MjEsImV4cCI6MTcxMzYyMDIyMX0.lNbzyG85fH6_gjJ_D9lOhOi-aIL3H8mZtZbmRu8XHeM','BEARER',1,1),(292,15,'eyJhbGciOiJIUzI1NiJ9.eyJ1c2VySWQiOjE1LCJzdWIiOiJ0ZXN0VXNlcjEyM0BnbWFpbC5jb20iLCJpYXQiOjE3MTM1MzQzNTUsImV4cCI6MTcxMzYyMDc1NX0.pvam7nG32hPL30PHquiieSSMdsz0GVkLJUmEquCwljc','BEARER',1,1),(293,15,'eyJhbGciOiJIUzI1NiJ9.eyJ1c2VySWQiOjE1LCJzdWIiOiJ0ZXN0VXNlcjEyM0BnbWFpbC5jb20iLCJpYXQiOjE3MTM1NDA3OTMsImV4cCI6MTcxMzYyNzE5M30.A9gUI0_OThy4DQwq-KLCPcciMe6dHNOTcTu_milutZw','BEARER',1,1),(294,15,'eyJhbGciOiJIUzI1NiJ9.eyJ1c2VySWQiOjE1LCJzdWIiOiJ0ZXN0VXNlcjEyM0BnbWFpbC5jb20iLCJpYXQiOjE3MTM1NDYzNzksImV4cCI6MTcxMzYzMjc3OX0.MQql0-z5Ce5rNiPpLI0rXT85zylHZv6ft9FkdmNHS_Y','BEARER',1,1),(295,15,'eyJhbGciOiJIUzI1NiJ9.eyJ1c2VySWQiOjE1LCJzdWIiOiJ0ZXN0VXNlcjEyM0BnbWFpbC5jb20iLCJpYXQiOjE3MTM1NDY5NDQsImV4cCI6MTcxMzYzMzM0NH0.8ei7cEbgM3vH4H0oeC31RPVcaLCg4TIjV6cWAJHJSLY','BEARER',1,1),(296,15,'eyJhbGciOiJIUzI1NiJ9.eyJ1c2VySWQiOjE1LCJzdWIiOiJ0ZXN0VXNlcjEyM0BnbWFpbC5jb20iLCJpYXQiOjE3MTM1ODM5ODQsImV4cCI6MTcxMzY3MDM4NH0.hR3X3JEzCSXucvLqXOuBylEy7G33Ii5KSMrM1JJ5LBQ','BEARER',1,1),(297,15,'eyJhbGciOiJIUzI1NiJ9.eyJ1c2VySWQiOjE1LCJzdWIiOiJ0ZXN0VXNlcjEyM0BnbWFpbC5jb20iLCJpYXQiOjE3MTM1ODQzMzksImV4cCI6MTcxMzY3MDczOX0.9ImCpRIsfmgIs7hEa98bq-7hfj0Zn9ObzKhyiLb3_wI','BEARER',1,1),(298,15,'eyJhbGciOiJIUzI1NiJ9.eyJ1c2VySWQiOjE1LCJzdWIiOiJ0ZXN0VXNlcjEyM0BnbWFpbC5jb20iLCJpYXQiOjE3MTM1OTQ2NTEsImV4cCI6MTcxMzY4MTA1MX0.cNLDMoppKaeU3eccdgBmBggiWnjMSfXDkfCi6nNC_Zk','BEARER',1,1),(299,15,'eyJhbGciOiJIUzI1NiJ9.eyJ1c2VySWQiOjE1LCJzdWIiOiJ0ZXN0VXNlcjEyM0BnbWFpbC5jb20iLCJpYXQiOjE3MTM2MDcyMDEsImV4cCI6MTcxMzY5MzYwMX0.W8rBEukjx4J9vZ5HnZByGnzcNVBPbyrJZyrQO_FB3VU','BEARER',1,1),(300,15,'eyJhbGciOiJIUzI1NiJ9.eyJ1c2VySWQiOjE1LCJzdWIiOiJ0ZXN0VXNlcjEyM0BnbWFpbC5jb20iLCJpYXQiOjE3MTM2MDczNjAsImV4cCI6MTcxMzY5Mzc2MH0.G8df-X7_vB2ZmQAGziqVkbwnOMFUVaPotfPC6Uk9Vxo','BEARER',1,1),(301,15,'eyJhbGciOiJIUzI1NiJ9.eyJ1c2VySWQiOjE1LCJzdWIiOiJ0ZXN0VXNlcjEyM0BnbWFpbC5jb20iLCJpYXQiOjE3MTM2MjU4NjIsImV4cCI6MTcxMzcxMjI2Mn0.GPP70S07NTTDjSUvkDoeMMJwAnUVOJ5mHs-wxhOTJKs','BEARER',1,1),(302,15,'eyJhbGciOiJIUzI1NiJ9.eyJ1c2VySWQiOjE1LCJzdWIiOiJ0ZXN0VXNlcjEyM0BnbWFpbC5jb20iLCJpYXQiOjE3MTM2MjY2MjMsImV4cCI6MTcxMzcxMzAyM30.UwxnOYweus46bA6dSr1jOcQxkONlRkV2Nq1AkV3aWEI','BEARER',1,1),(303,17,'eyJhbGciOiJIUzI1NiJ9.eyJ1c2VySWQiOjE3LCJzdWIiOiJ0ZXN0MTExMkBtYWlsLmNvbSIsImlhdCI6MTcxMzYyNzEzNiwiZXhwIjoxNzEzNzEzNTM2fQ.Ovz98P3FHcZtLLrZ9niPwXz1f_dPNIFF8bByvWYq6kE','BEARER',1,1),(304,16,'eyJhbGciOiJIUzI1NiJ9.eyJ1c2VySWQiOjE2LCJzdWIiOiJ0ZXN0MTExQG1haWwuY29tIiwiaWF0IjoxNzEzNjI3MTk1LCJleHAiOjE3MTM3MTM1OTV9.rBWT9uj05xXWbNCyUbBjQE0rnvIUeMonofVH-mnwKTo','BEARER',0,0),(305,15,'eyJhbGciOiJIUzI1NiJ9.eyJ1c2VySWQiOjE1LCJzdWIiOiJ0ZXN0VXNlcjEyM0BnbWFpbC5jb20iLCJpYXQiOjE3MTM2MjkxNTMsImV4cCI6MTcxMzcxNTU1M30.32jxyngUEqD1cTqaxthey7HmPhSSFVfcvLHpKAuHQGw','BEARER',1,1),(306,15,'eyJhbGciOiJIUzI1NiJ9.eyJ1c2VySWQiOjE1LCJzdWIiOiJ0ZXN0VXNlcjEyM0BnbWFpbC5jb20iLCJpYXQiOjE3MTM2NzIyNjQsImV4cCI6MTcxMzc1ODY2NH0.9bBnSgH-E0ZbDAYFCka1zFBU_HcoF-ftzKjJHxWFG3I','BEARER',1,1),(307,15,'eyJhbGciOiJIUzI1NiJ9.eyJ1c2VySWQiOjE1LCJzdWIiOiJ0ZXN0VXNlcjEyM0BnbWFpbC5jb20iLCJpYXQiOjE3MTM2NzQwMzAsImV4cCI6MTcxMzc2MDQzMH0.-R3xjyPLMms3StfvuxF-BZF3MXGOS8apdMxpuET78qw','BEARER',1,1),(308,15,'eyJhbGciOiJIUzI1NiJ9.eyJmdWxsTmFtZSI6IsSQ4bq3bmcgQ8O0bmcgVHXhuqVuIiwidXNlcklkIjoxNSwic3ViIjoidGVzdFVzZXIxMjNAZ21haWwuY29tIiwiaWF0IjoxNzEzNjc2NTkxLCJleHAiOjE3MTM3NjI5OTF9.vmiz1lMZ7msnA5nc_y72si42eo2thbJx-jk2QFfHfUo','BEARER',1,1),(309,15,'eyJhbGciOiJIUzI1NiJ9.eyJmdWxsTmFtZSI6IsSQ4bq3bmcgQ8O0bmcgVHXhuqVuIiwidXNlcklkIjoxNSwic3ViIjoidGVzdFVzZXIxMjNAZ21haWwuY29tIiwiaWF0IjoxNzEzNjc3NzIwLCJleHAiOjE3MTM3NjQxMjB9.wt5nhtDlY-Vvn5UfKclGzlyWWo60BKHHC2vzAHvbxqY','BEARER',1,1),(310,15,'eyJhbGciOiJIUzI1NiJ9.eyJmdWxsTmFtZSI6IsSQ4bq3bmcgQ8O0bmcgVHXhuqVuIiwidXNlcklkIjoxNSwic3ViIjoidGVzdFVzZXIxMjNAZ21haWwuY29tIiwiaWF0IjoxNzEzNjg3NzA5LCJleHAiOjE3MTM3NzQxMDl9.3qXYhEElv3yfCzSE1Vh4Xq8iQPh9PbIu04gxR_U6GAk','BEARER',1,1),(311,15,'eyJhbGciOiJIUzI1NiJ9.eyJmdWxsTmFtZSI6IsSQ4bq3bmcgQ8O0bmcgVHXhuqVuIiwidXNlcklkIjoxNSwic3ViIjoidGVzdFVzZXIxMjNAZ21haWwuY29tIiwiaWF0IjoxNzEzNjkwNTUwLCJleHAiOjE3MTM3NzY5NTB9.KBGjAFJnEpIX9tK0GY8zY37EZrWMPnWEnwTHq6YS5wU','BEARER',1,1),(312,15,'eyJhbGciOiJIUzI1NiJ9.eyJmdWxsTmFtZSI6IsSQ4bq3bmcgQ8O0bmcgVHXhuqVuIiwidXNlcklkIjoxNSwic3ViIjoidGVzdFVzZXIxMjNAZ21haWwuY29tIiwiaWF0IjoxNzEzNjkwNjI1LCJleHAiOjE3MTM3NzcwMjV9.BVS2xPfUkK5EImFxYGDdeRGOuXUE3T5KSTqxilTzp-A','BEARER',1,1),(313,15,'eyJhbGciOiJIUzI1NiJ9.eyJmdWxsTmFtZSI6IsSQ4bq3bmcgQ8O0bmcgVHXhuqVuIiwidXNlcklkIjoxNSwic3ViIjoidGVzdFVzZXIxMjNAZ21haWwuY29tIiwiaWF0IjoxNzEzNzA2OTU2LCJleHAiOjE3MTM3OTMzNTZ9.OfhDgyta33vDylnMgvOkE3fuJO_P72H_hg38igjOrIk','BEARER',1,1),(314,32,'eyJhbGciOiJIUzI1NiJ9.eyJzdWIiOiJiaWRhbmcudHV5bG9hbkBnbWFpbC5jb20iLCJpYXQiOjE3MTM3MTA4NjgsImV4cCI6MTcxMzc5NzI2OH0.K-rWFvv_zuh_ssfivxmzwMG7ebuuCj94lyGItvJ_sUU','BEARER',0,0),(317,15,'eyJhbGciOiJIUzI1NiJ9.eyJmdWxsTmFtZSI6IsSQ4bq3bmcgQ8O0bmcgVHXhuqVuIiwidXNlcklkIjoxNSwic3ViIjoidGVzdFVzZXIxMjNAZ21haWwuY29tIiwiaWF0IjoxNzEzNzEzNTI5LCJleHAiOjE3MTM3OTk5Mjl9.k-7n-4szH1qLzc-0KCRCjcky60CzsUV9hTCPY2qkqiY','BEARER',1,1),(318,15,'eyJhbGciOiJIUzI1NiJ9.eyJmdWxsTmFtZSI6IsSQ4bq3bmcgQ8O0bmcgVHXhuqVuIiwidXNlcklkIjoxNSwic3ViIjoidGVzdFVzZXIxMjNAZ21haWwuY29tIiwiaWF0IjoxNzEzNzE1MzI4LCJleHAiOjE3MTM4MDE3Mjh9.wclOpLdWIs-jaVBWVpKU5RBJV-p9JFtwELMI_fMl_4c','BEARER',1,1),(319,17,'eyJhbGciOiJIUzI1NiJ9.eyJmdWxsTmFtZSI6IkNhbyDEkMSDbmcgS2hvYSIsInVzZXJJZCI6MTcsInN1YiI6InRlc3QxMTEyQG1haWwuY29tIiwiaWF0IjoxNzEzNzE1Njc1LCJleHAiOjE3MTM4MDIwNzV9.lCNIAYFGltKl1THAz_JilDZ5OkKdRv7QPctn8i6NZPA','BEARER',1,1),(320,15,'eyJhbGciOiJIUzI1NiJ9.eyJmdWxsTmFtZSI6IsSQ4bq3bmcgQ8O0bmcgVHXhuqVuIiwidXNlcklkIjoxNSwic3ViIjoidGVzdFVzZXIxMjNAZ21haWwuY29tIiwiaWF0IjoxNzEzNzE5NjgxLCJleHAiOjE3MTM4MDYwODF9.UUG6GjW58hvdayMSlip-yNPPLTR49cvgd9igd6zMmaU','BEARER',1,1),(321,15,'eyJhbGciOiJIUzI1NiJ9.eyJmdWxsTmFtZSI6IsSQ4bq3bmcgQ8O0bmcgVHXhuqVuIiwidXNlcklkIjoxNSwic3ViIjoidGVzdFVzZXIxMjNAZ21haWwuY29tIiwiaWF0IjoxNzEzNzYxMDE4LCJleHAiOjE3MTM4NDc0MTh9.7eGsskaB0uWRgJc0oTb_Tq0Gj0YW1up-FtdNbe_E77c','BEARER',1,1),(322,15,'eyJhbGciOiJIUzI1NiJ9.eyJmdWxsTmFtZSI6IsSQ4bq3bmcgQ8O0bmcgVHXhuqVuIiwidXNlcklkIjoxNSwic3ViIjoidGVzdFVzZXIxMjNAZ21haWwuY29tIiwiaWF0IjoxNzEzNzY4OTI3LCJleHAiOjE3MTM4NTUzMjd9.Eyvi1zqAErSGmaFFwAksVfaGaBMrXI6wmlLR0xkov9M','BEARER',1,1),(323,15,'eyJhbGciOiJIUzI1NiJ9.eyJmdWxsTmFtZSI6IsSQ4bq3bmcgQ8O0bmcgVHXhuqVuIiwidXNlcklkIjoxNSwic3ViIjoidGVzdFVzZXIxMjNAZ21haWwuY29tIiwiaWF0IjoxNzEzNzY5NzUwLCJleHAiOjE3MTM4NTYxNTB9.FusMSEZDTvUzyYTrw67pF6k3fWI3djpgBlu0vKzT4Xc','BEARER',1,1),(324,15,'eyJhbGciOiJIUzI1NiJ9.eyJmdWxsTmFtZSI6IsSQ4bq3bmcgQ8O0bmcgVHXhuqVuIiwidXNlcklkIjoxNSwic3ViIjoidGVzdFVzZXIxMjNAZ21haWwuY29tIiwiaWF0IjoxNzEzNzcwMDgwLCJleHAiOjE3MTM4NTY0ODB9.ZijsE90mNdPxRuEq8l-wafiJmEL55tgOSu1bXXwDbPs','BEARER',1,1),(325,15,'eyJhbGciOiJIUzI1NiJ9.eyJmdWxsTmFtZSI6IsSQ4bq3bmcgQ8O0bmcgVHXhuqVuIiwidXNlcklkIjoxNSwic3ViIjoidGVzdFVzZXIxMjNAZ21haWwuY29tIiwiaWF0IjoxNzEzNzg0ODQxLCJleHAiOjE3MTM4NzEyNDF9.ChzDVWXIUf0av712SDQAYTmAVpPQ3Xi22Tx8wJuZW60','BEARER',1,1),(326,17,'eyJhbGciOiJIUzI1NiJ9.eyJmdWxsTmFtZSI6IkNhbyDEkMSDbmcgS2hvYSIsInVzZXJJZCI6MTcsInN1YiI6InRlc3QxMTEyQG1haWwuY29tIiwiaWF0IjoxNzEzNzg5NzM3LCJleHAiOjE3MTM4NzYxMzd9.ysTmqI5u7ViHY5mQqgj9R3IANwtWssuQDDvN2XGAxkQ','BEARER',0,0),(327,15,'eyJhbGciOiJIUzI1NiJ9.eyJmdWxsTmFtZSI6IsSQ4bq3bmcgQ8O0bmcgVHXhuqVuIiwidXNlcklkIjoxNSwic3ViIjoidGVzdFVzZXIxMjNAZ21haWwuY29tIiwiaWF0IjoxNzEzNzk3MDE0LCJleHAiOjE3MTM4ODM0MTR9.T8FcNIaw7b5OT5PF6ruzRhPqwsVrZTe5Cfo0GlRIUVE','BEARER',1,1),(328,15,'eyJhbGciOiJIUzI1NiJ9.eyJmdWxsTmFtZSI6IsSQ4bq3bmcgQ8O0bmcgVHXhuqVuIiwidXNlcklkIjoxNSwic3ViIjoidGVzdFVzZXIxMjNAZ21haWwuY29tIiwiaWF0IjoxNzEzNzk5MzI0LCJleHAiOjE3MTM4ODU3MjR9.YxjH0b1UkuJRWdpaOyMF9Onhjo9T9lLn4gx-oQRPuAA','BEARER',1,1),(329,15,'eyJhbGciOiJIUzI1NiJ9.eyJmdWxsTmFtZSI6IsSQ4bq3bmcgQ8O0bmcgVHXhuqVuIiwidXNlcklkIjoxNSwic3ViIjoidGVzdFVzZXIxMjNAZ21haWwuY29tIiwiaWF0IjoxNzEzODUwNTI3LCJleHAiOjE3MTM5MzY5Mjd9.q6Qk9FjrA38uD0nS-sLqwq1sCq9GRCem2f1wBgGhYJg','BEARER',1,1),(330,15,'eyJhbGciOiJIUzI1NiJ9.eyJmdWxsTmFtZSI6IsSQ4bq3bmcgQ8O0bmcgVHXhuqVuIiwidXNlcklkIjoxNSwic3ViIjoidGVzdFVzZXIxMjNAZ21haWwuY29tIiwiaWF0IjoxNzEzODUwNTQ0LCJleHAiOjE3MTM5MzY5NDR9.cgL0t86wXMv2hqC2JsPeMeqQI3_ZOuTd2eBPxdhxew0','BEARER',1,1),(331,15,'eyJhbGciOiJIUzI1NiJ9.eyJmdWxsTmFtZSI6IsSQ4bq3bmcgQ8O0bmcgVHXhuqVuIiwidXNlcklkIjoxNSwic3ViIjoidGVzdFVzZXIxMjNAZ21haWwuY29tIiwiaWF0IjoxNzEzODUwODk2LCJleHAiOjE3MTM5MzcyOTZ9.CNkRBWB0JrvumytypzFNzUN4BDtS7EKZb4RI9dMtsNY','BEARER',1,1),(332,15,'eyJhbGciOiJIUzI1NiJ9.eyJmdWxsTmFtZSI6IsSQ4bq3bmcgQ8O0bmcgVHXhuqVuIiwidXNlcklkIjoxNSwic3ViIjoidGVzdFVzZXIxMjNAZ21haWwuY29tIiwiaWF0IjoxNzEzODUwOTQ0LCJleHAiOjE3MTM5MzczNDR9.7sTKxCgPw2MKO3h-xF0pVA5ILEKMA79jhD71mZFAUEY','BEARER',1,1),(333,15,'eyJhbGciOiJIUzI1NiJ9.eyJmdWxsTmFtZSI6IsSQ4bq3bmcgQ8O0bmcgVHXhuqVuIiwidXNlcklkIjoxNSwic3ViIjoidGVzdFVzZXIxMjNAZ21haWwuY29tIiwiaWF0IjoxNzEzODUxMjgxLCJleHAiOjE3MTM5Mzc2ODF9.oeAvtpwgiV9mGd11KUs8o8E40p_FXtZvnJZfxYb0MEA','BEARER',1,1),(334,15,'eyJhbGciOiJIUzI1NiJ9.eyJmdWxsTmFtZSI6IsSQ4bq3bmcgQ8O0bmcgVHXhuqVuIiwidXNlcklkIjoxNSwic3ViIjoidGVzdFVzZXIxMjNAZ21haWwuY29tIiwiaWF0IjoxNzEzODUxNDUzLCJleHAiOjE3MTM5Mzc4NTN9.BdxJD2WPOGrFzpwW3UZUOOYKX9KHX1l_wRz6-P1l5JA','BEARER',1,1),(335,15,'eyJhbGciOiJIUzI1NiJ9.eyJmdWxsTmFtZSI6IsSQ4bq3bmcgQ8O0bmcgVHXhuqVuIiwidXNlcklkIjoxNSwic3ViIjoidGVzdFVzZXIxMjNAZ21haWwuY29tIiwiaWF0IjoxNzEzODUxNzU0LCJleHAiOjE3MTM5MzgxNTR9.tsIuoHJnfdwblT8EsqfuuPYozhQrtfPCxVjGQP3VtG8','BEARER',1,1),(336,15,'eyJhbGciOiJIUzI1NiJ9.eyJmdWxsTmFtZSI6IsSQ4bq3bmcgQ8O0bmcgVHXhuqVuIiwidXNlcklkIjoxNSwic3ViIjoidGVzdFVzZXIxMjNAZ21haWwuY29tIiwiaWF0IjoxNzEzODUxODk2LCJleHAiOjE3MTM5MzgyOTZ9.kzBTkNO4DbmDt4U-oNcz_WO1vUrZ04MroBlP5oRtihI','BEARER',1,1),(337,15,'eyJhbGciOiJIUzI1NiJ9.eyJmdWxsTmFtZSI6IsSQ4bq3bmcgQ8O0bmcgVHXhuqVuIiwidXNlcklkIjoxNSwic3ViIjoidGVzdFVzZXIxMjNAZ21haWwuY29tIiwiaWF0IjoxNzEzODUyMDMxLCJleHAiOjE3MTM5Mzg0MzF9.fIzHf-93952nckf9oyIFPtc1zV4jW1mvar0LtcPvzag','BEARER',1,1),(338,15,'eyJhbGciOiJIUzI1NiJ9.eyJmdWxsTmFtZSI6IsSQ4bq3bmcgQ8O0bmcgVHXhuqVuIiwidXNlcklkIjoxNSwic3ViIjoidGVzdFVzZXIxMjNAZ21haWwuY29tIiwiaWF0IjoxNzEzODUyMDMyLCJleHAiOjE3MTM5Mzg0MzJ9.QeIORZzqzTn2R5VdrCcQxI40i2-ItjIxTP0AQ2qrWME','BEARER',1,1),(339,15,'eyJhbGciOiJIUzI1NiJ9.eyJmdWxsTmFtZSI6IsSQ4bq3bmcgQ8O0bmcgVHXhuqVuIiwidXNlcklkIjoxNSwic3ViIjoidGVzdFVzZXIxMjNAZ21haWwuY29tIiwiaWF0IjoxNzEzODUzMjc2LCJleHAiOjE3MTM5Mzk2NzZ9.MtkN-nW8AfZkFuJ1PI6oQYh-rbL1MPQ4xridS5UCh68','BEARER',1,1),(340,15,'eyJhbGciOiJIUzI1NiJ9.eyJmdWxsTmFtZSI6IsSQ4bq3bmcgQ8O0bmcgVHXhuqVuIiwidXNlcklkIjoxNSwic3ViIjoidGVzdFVzZXIxMjNAZ21haWwuY29tIiwiaWF0IjoxNzEzODUzNDMzLCJleHAiOjE3MTM5Mzk4MzN9.J93g3Ig7q4wNru0rA4piEvFpktkjsUbjF6-NXXJcOq8','BEARER',1,1),(341,15,'eyJhbGciOiJIUzI1NiJ9.eyJmdWxsTmFtZSI6IsSQ4bq3bmcgQ8O0bmcgVHXhuqVuIiwidXNlcklkIjoxNSwic3ViIjoidGVzdFVzZXIxMjNAZ21haWwuY29tIiwiaWF0IjoxNzEzODUzNDUxLCJleHAiOjE3MTM5Mzk4NTF9.wXXUdJd4YGCgsn-iq1XNtNoY2Kc6cAQb8BDjRoBNrOI','BEARER',1,1),(342,15,'eyJhbGciOiJIUzI1NiJ9.eyJmdWxsTmFtZSI6IsSQ4bq3bmcgQ8O0bmcgVHXhuqVuIiwidXNlcklkIjoxNSwic3ViIjoidGVzdFVzZXIxMjNAZ21haWwuY29tIiwiaWF0IjoxNzEzODUzNDkyLCJleHAiOjE3MTM5Mzk4OTJ9.Jl6rVKwB9a96NnURtTPgP1u540ubkUxWaj7raIwS8eI','BEARER',1,1),(343,15,'eyJhbGciOiJIUzI1NiJ9.eyJmdWxsTmFtZSI6IsSQ4bq3bmcgQ8O0bmcgVHXhuqVuIiwidXNlcklkIjoxNSwic3ViIjoidGVzdFVzZXIxMjNAZ21haWwuY29tIiwiaWF0IjoxNzEzODUzNjY5LCJleHAiOjE3MTM5NDAwNjl9.OD5tLEv3M2Ps-0a5pZ8P-ISxopXtRGJy2WdSUsdLKlI','BEARER',1,1),(344,15,'eyJhbGciOiJIUzI1NiJ9.eyJmdWxsTmFtZSI6IsSQ4bq3bmcgQ8O0bmcgVHXhuqVuIiwidXNlcklkIjoxNSwic3ViIjoidGVzdFVzZXIxMjNAZ21haWwuY29tIiwiaWF0IjoxNzEzODUzODU4LCJleHAiOjE3MTM5NDAyNTh9.eVVZzHSWutLOBRp8QPaSeIt6SEobMfxMBMLkIu5xiFM','BEARER',1,1),(345,15,'eyJhbGciOiJIUzI1NiJ9.eyJmdWxsTmFtZSI6IsSQ4bq3bmcgQ8O0bmcgVHXhuqVuIiwidXNlcklkIjoxNSwic3ViIjoidGVzdFVzZXIxMjNAZ21haWwuY29tIiwiaWF0IjoxNzEzODUzODU5LCJleHAiOjE3MTM5NDAyNTl9.ETPUVj8_MsXU8DqOIrSKFiPNvkJ3SL5vRH8N-5n1vPQ','BEARER',1,1),(346,15,'eyJhbGciOiJIUzI1NiJ9.eyJmdWxsTmFtZSI6IsSQ4bq3bmcgQ8O0bmcgVHXhuqVuIiwidXNlcklkIjoxNSwic3ViIjoidGVzdFVzZXIxMjNAZ21haWwuY29tIiwiaWF0IjoxNzEzODg1MTQxLCJleHAiOjE3MTM5NzE1NDF9.IY7-eP_nX-aMErX-w1uofq6OF_tSE07R-xOvfu0QyWg','BEARER',1,1),(347,15,'eyJhbGciOiJIUzI1NiJ9.eyJmdWxsTmFtZSI6IsSQ4bq3bmcgQ8O0bmcgVHXhuqVuIiwidXNlcklkIjoxNSwic3ViIjoidGVzdFVzZXIxMjNAZ21haWwuY29tIiwiaWF0IjoxNzEzODg2MzIyLCJleHAiOjE3MTM5NzI3MjJ9.ha6oCyQ7TVYxC8b3jBQAsilj8LrN9i-MLRPKzSaO660','BEARER',1,1),(348,15,'eyJhbGciOiJIUzI1NiJ9.eyJmdWxsTmFtZSI6IsSQ4bq3bmcgQ8O0bmcgVHXhuqVuIiwidXNlcklkIjoxNSwic3ViIjoidGVzdFVzZXIxMjNAZ21haWwuY29tIiwiaWF0IjoxNzEzODg4NDE1LCJleHAiOjE3MTM5NzQ4MTV9.YpLhimf4eN9Y5WCJBhZV8-rxHdOa9rWr99RO2AIwib0','BEARER',1,1),(349,15,'eyJhbGciOiJIUzI1NiJ9.eyJmdWxsTmFtZSI6IsSQ4bq3bmcgQ8O0bmcgVHXhuqVuIiwidXNlcklkIjoxNSwic3ViIjoidGVzdFVzZXIxMjNAZ21haWwuY29tIiwiaWF0IjoxNzEzODg5NDU0LCJleHAiOjE3MTM5NzU4NTR9.0Om1J42200CmoedAf-klNfHYcdUl5ZWsgpGsPf1uDPo','BEARER',1,1),(350,15,'eyJhbGciOiJIUzI1NiJ9.eyJmdWxsTmFtZSI6IsSQ4bq3bmcgQ8O0bmcgVHXhuqVuIiwidXNlcklkIjoxNSwic3ViIjoidGVzdFVzZXIxMjNAZ21haWwuY29tIiwiaWF0IjoxNzEzODg5NjgwLCJleHAiOjE3MTM5NzYwODB9.NMwDEKqiHRg8dERPDpLak7rdLTRmYOOqMl-DBYrzJ8k','BEARER',1,1),(351,15,'eyJhbGciOiJIUzI1NiJ9.eyJmdWxsTmFtZSI6IsSQ4bq3bmcgQ8O0bmcgVHXhuqVuIiwidXNlcklkIjoxNSwic3ViIjoidGVzdFVzZXIxMjNAZ21haWwuY29tIiwiaWF0IjoxNzE0MTkyMjAwLCJleHAiOjE3MTQyNzg2MDB9.SnGMjNzUq9fxVDzMxOYYYTe7A_HjdUYBYyO9UmATIWc','BEARER',1,1),(352,15,'eyJhbGciOiJIUzI1NiJ9.eyJmdWxsTmFtZSI6IsSQ4bq3bmcgQ8O0bmcgVHXhuqVuIiwidXNlcklkIjoxNSwic3ViIjoidGVzdFVzZXIxMjNAZ21haWwuY29tIiwiaWF0IjoxNzE0MTkyNjQ5LCJleHAiOjE3MTQyNzkwNDl9.9yGQPKDITJhYsy7spNTc_lU-iwjBUIVHYYXD0sz9fxA','BEARER',1,1),(353,15,'eyJhbGciOiJIUzI1NiJ9.eyJmdWxsTmFtZSI6IsSQ4bq3bmcgQ8O0bmcgVHXhuqVuIiwidXNlcklkIjoxNSwic3ViIjoidGVzdFVzZXIxMjNAZ21haWwuY29tIiwiaWF0IjoxNzE0MTkyNzE4LCJleHAiOjE3MTQyNzkxMTh9.xVRqf_XA2mEKg-SyWVdT9IZDYg7gWQ1pahvBfxEOQg0','BEARER',1,1),(354,15,'eyJhbGciOiJIUzI1NiJ9.eyJmdWxsTmFtZSI6IsSQ4bq3bmcgQ8O0bmcgVHXhuqVuIiwidXNlcklkIjoxNSwic3ViIjoidGVzdFVzZXIxMjNAZ21haWwuY29tIiwiaWF0IjoxNzE0MTkyODA2LCJleHAiOjE3MTQyNzkyMDZ9.HZRRuSocs7yQfRwTBZCnZQVfp82YmhLAmF2ba9qVJ58','BEARER',1,1),(355,15,'eyJhbGciOiJIUzI1NiJ9.eyJmdWxsTmFtZSI6IsSQ4bq3bmcgQ8O0bmcgVHXhuqVuIiwidXNlcklkIjoxNSwic3ViIjoidGVzdFVzZXIxMjNAZ21haWwuY29tIiwiaWF0IjoxNzE0MTkzMDM4LCJleHAiOjE3MTQyNzk0Mzh9.TXS6ElS31xq4KF6HeENVcgZaRdtEl_wR9skjCLdSFAI','BEARER',1,1),(356,15,'eyJhbGciOiJIUzI1NiJ9.eyJmdWxsTmFtZSI6IsSQ4bq3bmcgQ8O0bmcgVHXhuqVuIiwidXNlcklkIjoxNSwic3ViIjoidGVzdFVzZXIxMjNAZ21haWwuY29tIiwiaWF0IjoxNzE0MTkzOTk4LCJleHAiOjE3MTQyODAzOTh9.4PgcqoBTE_wJR8jip3K2yfy51kcw9_hvNRzv9S0Julc','BEARER',1,1),(357,15,'eyJhbGciOiJIUzI1NiJ9.eyJmdWxsTmFtZSI6IsSQ4bq3bmcgQ8O0bmcgVHXhuqVuIiwidXNlcklkIjoxNSwic3ViIjoidGVzdFVzZXIxMjNAZ21haWwuY29tIiwiaWF0IjoxNzE0MTk4ODExLCJleHAiOjE3MTQyODUyMTF9.Qg8JrWVsX0JdzNusgweFO-b78PRaI2tMIuTHNGWxTWA','BEARER',1,1),(358,13,'eyJhbGciOiJIUzI1NiJ9.eyJmdWxsTmFtZSI6Ik5ndXnhu4VuIE5n4buNYyBUdeG6pW4iLCJ1c2VySWQiOjEzLCJzdWIiOiJhZG1pbkBnbWFpbC5jb20iLCJpYXQiOjE3MTUzMTQyNDksImV4cCI6MTcxNTQwMDY0OX0.VmrV-Af3KF4p4BPtHwILD2qYgeN5TzhIHey0rQTCk_A','BEARER',0,0),(359,15,'eyJhbGciOiJIUzI1NiJ9.eyJmdWxsTmFtZSI6IsSQ4bq3bmcgQ8O0bmcgVHXhuqVuIiwidXNlcklkIjoxNSwic3ViIjoidGVzdFVzZXIxMjNAZ21haWwuY29tIiwiaWF0IjoxNzE1MzE0MzQzLCJleHAiOjE3MTU0MDA3NDN9.ngiGzb-asXC9oSaggI1XapJ0QhE_hNAi1EzW4S-yXCI','BEARER',1,1),(360,15,'eyJhbGciOiJIUzI1NiJ9.eyJmdWxsTmFtZSI6IsSQ4bq3bmcgQ8O0bmcgVHXhuqVuIiwidXNlcklkIjoxNSwic3ViIjoidGVzdFVzZXIxMjNAZ21haWwuY29tIiwiaWF0IjoxNzE1MzE0MzU5LCJleHAiOjE3MTU0MDA3NTl9.NWteeMec5MgBXEu8ed7-kx3J-u_NpAZ3pZF1nHs_VAc','BEARER',1,1),(361,15,'eyJhbGciOiJIUzI1NiJ9.eyJmdWxsTmFtZSI6IsSQ4bq3bmcgQ8O0bmcgVHXhuqVuIiwidXNlcklkIjoxNSwic3ViIjoidGVzdFVzZXIxMjNAZ21haWwuY29tIiwiaWF0IjoxNzE1MzIxMjQzLCJleHAiOjE3MTU0MDc2NDN9.Px26q675zav67SogrHGGSg9aS656U1LsqT-Tqju6lvw','BEARER',1,1),(362,34,'eyJhbGciOiJIUzI1NiJ9.eyJzdWIiOiJnZ3ZnZGdzQG1haWwuY29tIiwiaWF0IjoxNzE1NDE0ODE3LCJleHAiOjE3MTU1MDEyMTd9.BTdOVKNUsC2xV0zRIBP6YKC3QexOfr59aOOeHFq3EqU','BEARER',0,0),(363,35,'eyJhbGciOiJIUzI1NiJ9.eyJzdWIiOiJnZ3Zhc2ZkZ2Rnc0BtYWlsLmNvbSIsImlhdCI6MTcxNTQxNDgzNCwiZXhwIjoxNzE1NTAxMjM0fQ.vjwxAcfTCIKfBSeryM06Onn_DF9dtbZyqpLYkT61aoU','BEARER',0,0),(364,38,'eyJhbGciOiJIUzI1NiJ9.eyJzdWIiOiJnZ3Zhc2RkZmRnZGRmZ3NAbWFpbC5jb20iLCJpYXQiOjE3MTU0MTUyOTUsImV4cCI6MTcxNTUwMTY5NX0.tldwmC95dXT0NwZmjvr5htdmtRiOH3KKFU9glpTJabw','BEARER',0,0),(365,39,'eyJhbGciOiJIUzI1NiJ9.eyJzdWIiOiJnZ3Zhc2RkZmRnZGRmZ3NAbWFpbC5jb20iLCJpYXQiOjE3MTU0MTUzMTcsImV4cCI6MTcxNTUwMTcxN30.Ui3mwV8GxyyVD30NnDsBwE7jSOSQD0YZyN5bWhFg_Pk','BEARER',0,0),(366,40,'eyJhbGciOiJIUzI1NiJ9.eyJzdWIiOiJnZ3Zhc2RkZmRnZGRkZGRmZ3NAbWFpbC5jb20iLCJpYXQiOjE3MTU0MTUzMjQsImV4cCI6MTcxNTUwMTcyNH0.4XZ2MojSjw-ydonoh1EJ6tS5UluZLNXPQoTAOtL0EOk','BEARER',0,0),(367,15,'eyJhbGciOiJIUzI1NiJ9.eyJmdWxsTmFtZSI6IsSQ4bq3bmcgQ8O0bmcgVHXhuqVuIiwidXNlcklkIjoxNSwic3ViIjoidGVzdFVzZXIxMjNAZ21haWwuY29tIiwiaWF0IjoxNzE1NzQ3MzA2LCJleHAiOjE3MTU4MzM3MDZ9.iwCZTS6z6abyZspLE3KEDg3PLhM-OL7AU7_RpgvXHa0','BEARER',1,1),(368,41,'eyJhbGciOiJIUzI1NiJ9.eyJzdWIiOiJnZ3ZnZ2Rkc0BtYWlsLmNvbSIsImlhdCI6MTcxNTc4MDI3NSwiZXhwIjoxNzE1ODY2Njc1fQ.s3_xSojxIyjS8d9SS6rGUvZKtgumSWLAIzBqbF-p5NQ','BEARER',0,0),(369,43,'eyJhbGciOiJIUzI1NiJ9.eyJzdWIiOiJiaWRhbmcudHV5bG9hbkBnbWFpbC5jb20iLCJpYXQiOjE3MTU3ODIzOTAsImV4cCI6MTcxNTg2ODc5MH0.17IQmZ9EfUHnZo5ZHEXQFyQGyR69vT0kL0kNE5H_k9Y','BEARER',0,0),(370,44,'eyJhbGciOiJIUzI1NiJ9.eyJzdWIiOiJiaWRhbmcudHV5bG9hbkBnbWFpbC5jb20iLCJpYXQiOjE3MTU3ODI3MjgsImV4cCI6MTcxNTg2OTEyOH0.KvrpD3GQb7ORlnFNMQodk9i8pNBhE28OhefSbY9SZ-M','BEARER',0,0),(371,45,'eyJhbGciOiJIUzI1NiJ9.eyJzdWIiOiJiaWRhbmcudHV5bG9hbkBnbWFpbC5jb20iLCJpYXQiOjE3MTU3ODM5NDgsImV4cCI6MTcxNTg3MDM0OH0.uu14zBiE5nbkr50jBHEeHgc10qgO2Ui0qgVHy1sT_7E','BEARER',0,0),(372,46,'eyJhbGciOiJIUzI1NiJ9.eyJzdWIiOiJiaWRhbmcudHV5bG9hbkBnbWFpbC5jb20iLCJpYXQiOjE3MTU3ODQxMTksImV4cCI6MTcxNTg3MDUxOX0.1vqVEZg3A7gcQFMNKEG1ZgdtJCDXK2qyqDSvIwHCLfs','BEARER',1,1),(373,15,'eyJhbGciOiJIUzI1NiJ9.eyJmdWxsTmFtZSI6IsSQ4bq3bmcgQ8O0bmcgVHXhuqVuIiwidXNlcklkIjoxNSwic3ViIjoidGVzdFVzZXIxMjNAZ21haWwuY29tIiwiaWF0IjoxNzE1ODMwNjQ0LCJleHAiOjE3MTU5MTcwNDR9.u3KAFsFPnM_qAWqMHDjUD5MalDqeKsTIefJbIyVlQMY','BEARER',0,0),(374,46,'eyJhbGciOiJIUzI1NiJ9.eyJmdWxsTmFtZSI6Ik5ndXnhu4VuIFF14buRYyBUdeG6pW4iLCJ1c2VySWQiOjQxLCJzdWIiOiJiaWRhbmcudHV5bG9hbkBnbWFpbC5jb20iLCJpYXQiOjE3MTU4MzE0MTIsImV4cCI6MTcxNTkxNzgxMn0.WsH0ze-2loyhVaew8fuLMG-cOVT5vKeZ5BNWBHsJybk','BEARER',0,0);
/*!40000 ALTER TABLE `token` ENABLE KEYS */;
UNLOCK TABLES;

--
-- Table structure for table `user`
--

DROP TABLE IF EXISTS `user`;
/*!40101 SET @saved_cs_client     = @@character_set_client */;
/*!50503 SET character_set_client = utf8mb4 */;
CREATE TABLE `user` (
  `user_id` int NOT NULL AUTO_INCREMENT,
  `account_id` int DEFAULT NULL,
  `phone` varchar(11) DEFAULT NULL,
  `create_date` datetime NOT NULL,
  `last_login` datetime DEFAULT NULL,
  `first_name` varchar(50) CHARACTER SET utf8mb3 COLLATE utf8mb3_general_ci NOT NULL,
  `mid_name` varchar(50) CHARACTER SET utf8mb3 COLLATE utf8mb3_general_ci DEFAULT NULL,
  `last_name` varchar(50) CHARACTER SET utf8mb3 COLLATE utf8mb3_general_ci NOT NULL,
  `address` varchar(200) CHARACTER SET utf8mb3 COLLATE utf8mb3_general_ci DEFAULT NULL,
  `biography` varchar(3000) CHARACTER SET utf8mb3 COLLATE utf8mb3_general_ci DEFAULT NULL,
  `major` varchar(100) CHARACTER SET utf8mb3 COLLATE utf8mb3_general_ci DEFAULT NULL,
  `department` varchar(200) CHARACTER SET utf8mb3 COLLATE utf8mb3_general_ci DEFAULT NULL,
  `avatar` varchar(300) DEFAULT NULL,
  `gender` varchar(45) DEFAULT NULL,
  `dob` date DEFAULT NULL,
  PRIMARY KEY (`user_id`),
  KEY `account_id` (`account_id`),
  CONSTRAINT `user_ibfk_1` FOREIGN KEY (`account_id`) REFERENCES `account` (`account_id`)
) ENGINE=InnoDB AUTO_INCREMENT=42 DEFAULT CHARSET=utf8mb4 COLLATE=utf8mb4_0900_ai_ci;
/*!40101 SET character_set_client = @saved_cs_client */;

--
-- Dumping data for table `user`
--

LOCK TABLES `user` WRITE;
/*!40000 ALTER TABLE `user` DISABLE KEYS */;
INSERT INTO `user` VALUES (13,13,NULL,'2024-03-05 17:26:17',NULL,'Tuấn','Ngọc','Nguyễn',NULL,NULL,'Thương mại điện tử','Cơ khí',NULL,'0','2003-09-29'),(14,14,NULL,'2024-03-05 17:26:17',NULL,'Thảo','Lê','Chung',NULL,NULL,'Cơ Khi chế tạo máy','Kinh Tế',NULL,'1','2003-09-29'),(15,15,'0987654321','2024-02-25 18:56:00',NULL,'Tuấn','Công','Đặng','Hồ Chí Minh','This is my biography.','Công nghệ phần mềm','Công Nghệ Thông Tin','https://firebasestorage.googleapis.com/v0/b/socialmedia-f7504.appspot.com/o/images%2F1713715453100?alt=media&token=260f2265-c904-4cd6-a1a7-0e12340b44a4','0','2003-09-11'),(16,16,'0987654324','2024-02-25 18:56:00',NULL,'Nhi','Ngọc','Phan','123 Main Street','This is my biography.','Thiết Kế thời trang','Công Nghệ Thông Tin','https://firebasestorage.googleapis.com/v0/b/socialmedia-f7504.appspot.com/o/images%2F1713089070370?alt=media&token=52d239ec-ec9f-4844-ab5d-42925a7acbdd','1','2003-09-29'),(17,17,'0987654324','2024-02-25 18:56:00',NULL,'Khoa','Đăng','Cao','123 Main Street','This is my biography.','Kiến Trúc','Kinh Tế',NULL,'0','2003-09-29'),(20,20,'0917654324','2024-02-25 18:56:00',NULL,'Hoàng','Văn','Minh','Hồ Chí Minh','This is my biography.','An toàn thông tin','Công nghệ thông tin',NULL,'0','2003-09-29'),(21,21,'0917654324','2024-02-25 18:56:00',NULL,'Trần','Văn','Minh','Hồ Chí Minh','This is my biography.','An toàn thông tin','Công nghệ thông tin',NULL,'0','2003-09-29'),(22,22,'0917654324','2024-02-25 18:56:00',NULL,'Trần','Văn','Thương','Hồ Chí Minh','This is my biography.','An toàn thông tin','Thời trang',NULL,'0','2003-09-29'),(23,23,'0917654324','2024-02-25 18:56:00',NULL,'Tuấn','Quốc','Trần','Hồ Chí Minh','This is my biography.','An toàn thông tin','Thời trang',NULL,'0','2003-09-29'),(24,24,'0917654324','2024-02-25 18:56:00',NULL,'Tuấn','Quốc','Nguyễn','Hồ Chí Minh','This is my biography.','An toàn thông tin','Thời trang',NULL,'0','2003-09-29'),(25,25,'0917654324','2024-02-25 18:56:00',NULL,'Tuấn','Quốc','Nguyễn','Hồ Chí Minh','This is my biography.','An toàn thông tin','Thời trang',NULL,'0','2003-09-29'),(26,26,'0917654324','2024-02-25 18:56:00',NULL,'Tuấn','Quốc','Nguyễn','Hồ Chí Minh','This is my biography.','An toàn thông tin','Thời trang',NULL,'0','2003-09-29'),(27,27,'0917654324','2024-02-25 18:56:00',NULL,'Tuấn','Quốc','Nguyễn','Hồ Chí Minh','This is my biography.','An toàn thông tin','Thời trang',NULL,'0','2003-09-29'),(28,28,'0917654324','2024-02-25 18:56:00',NULL,'Tuấn','Quốc','Nguyễn','Hồ Chí Minh','This is my biography.','An toàn thông tin','Thời trang',NULL,'0','2003-09-29'),(32,34,'0917654324','2024-02-25 18:56:00',NULL,'Tuấn','Quốc','Nguyễn','Hồ Chí Minh','This is my biography.','An toàn thông tin','Thời trang',NULL,'0',NULL),(33,35,'0917654324','2024-02-25 18:56:00',NULL,'Tuấn','Quốc','Nguyễn','Hồ Chí Minh','This is my biography.','An toàn thông tin','Thời trang',NULL,'0',NULL),(34,38,'0917654324','2024-05-11 15:14:55',NULL,'Tuấn','Quốc','Nguyễn','Hồ Chí Minh','This is my biography.','An toàn thông tin','Thời trang',NULL,'0',NULL),(35,39,'0917654324','2024-05-11 15:15:17',NULL,'Tuấn','Quốc','Nguyễn','Hồ Chí Minh','This is my biography.','An toàn thông tin','Thời trang',NULL,'0',NULL),(36,40,'0917654324','2024-05-11 15:15:24',NULL,'Tuấn','Quốc','Nguyễn','Hồ Chí Minh','This is my biography.','An toàn thông tin','Thời trang',NULL,'0',NULL),(37,41,'0917654324','2024-05-15 20:37:53',NULL,'Tuấn','Quốc','Nguyễn','Hồ Chí Minh','This is my biography.','An toàn thông tin','Thời trang',NULL,'0',NULL),(41,46,'0917654324','2024-05-15 21:42:20',NULL,'Tuấn','Quốc','Nguyễn','Hồ Chí Minh','This is my biography.','An toàn thông tin','Thời trang',NULL,'0',NULL);
/*!40000 ALTER TABLE `user` ENABLE KEYS */;
UNLOCK TABLES;
/*!40103 SET TIME_ZONE=@OLD_TIME_ZONE */;

/*!40101 SET SQL_MODE=@OLD_SQL_MODE */;
/*!40014 SET FOREIGN_KEY_CHECKS=@OLD_FOREIGN_KEY_CHECKS */;
/*!40014 SET UNIQUE_CHECKS=@OLD_UNIQUE_CHECKS */;
/*!40101 SET CHARACTER_SET_CLIENT=@OLD_CHARACTER_SET_CLIENT */;
/*!40101 SET CHARACTER_SET_RESULTS=@OLD_CHARACTER_SET_RESULTS */;
/*!40101 SET COLLATION_CONNECTION=@OLD_COLLATION_CONNECTION */;
/*!40111 SET SQL_NOTES=@OLD_SQL_NOTES */;

-- Dump completed on 2024-05-16 11:03:05
